{"txId": "12f9b5ffd879e971c0f1edb351795671ca0383194f2d3a634a5c52185da3d37c", "ctime": "Wed, 10 Apr 2019 04:32:21 UTC", "utime": "Wed, 10 Apr 2019 04:44:06 UTC", "key": "ORDER113", "txData": {"txId": "12f9b5ffd879e971c0f1edb351795671ca0383194f2d3a634a5c52185da3d37c", "fcn": "acceptTransfer", "args": [], "channelName": "mychannel", "chaincodeName": "beer-supplychain", "username": "client1", "orgName": "Org1"}, "data": {"State": "3", "count": "10", "ctime": "Wed, 10 Apr 2019 04:32:21 UTC", "owner": "Retailer", "utime": "Wed, 10 Apr 2019 04:44:06 UTC"}}