{"txId": "1812eeda1f8f5666b5318527e2dc72b9a3cf11608992787e23ff3d78f3bdd15c", "ctime": "Wed, 10 Apr 2019 08:02:17 UTC", "utime": "Wed, 10 Apr 2019 08:05:05 UTC", "key": "ORDER115", "txData": {"txId": "1812eeda1f8f5666b5318527e2dc72b9a3cf11608992787e23ff3d78f3bdd15c", "fcn": "acceptTransfer", "args": [], "channelName": "mychannel", "chaincodeName": "beer-supplychain", "username": "client1", "orgName": "org1"}, "data": {"State": "3", "count": "2", "ctime": "Wed, 10 Apr 2019 08:02:17 UTC", "owner": "Retailer", "utime": "Wed, 10 Apr 2019 08:05:05 UTC"}}