{"txId": "1d4bbf6c062fe4d28cd89b4cb291d0d6fd012287feb32e9fe596c423f4dc5068", "ctime": "Wed, 10 Apr 2019 01:56:07 UTC", "utime": "Wed, 10 Apr 2019 01:56:37 UTC", "key": "ORDER112", "txData": {"txId": "1d4bbf6c062fe4d28cd89b4cb291d0d6fd012287feb32e9fe596c423f4dc5068", "fcn": "requestTransfer", "args": ["ShippingCompany", "10"], "channelName": "mychannel", "chaincodeName": "beer-supplychain", "username": "client1", "orgName": "org1"}, "data": {"State": "2", "count": "10", "ctime": "Wed, 10 Apr 2019 01:56:07 UTC", "owner": "ShippingCompany", "utime": "Wed, 10 Apr 2019 01:56:37 UTC"}}