{"txId": "26cf29d14cdab12ffdc62d6d3f0139dd620ae24f0c2909ae6e76eeea0044e08e", "ctime": "Wed, 10 Apr 2019 01:54:57 UTC", "utime": "Wed, 10 Apr 2019 01:55:04 UTC", "key": "ORDER111", "txData": {"txId": "26cf29d14cdab12ffdc62d6d3f0139dd620ae24f0c2909ae6e76eeea0044e08e", "fcn": "startTransfer", "args": ["Manufacturer", "10"], "channelName": "mychannel", "chaincodeName": "beer-supplychain", "username": "client1", "orgName": "org1"}, "data": {"State": "2", "count": "10", "ctime": "Wed, 10 Apr 2019 01:54:57 UTC", "owner": "Manufacturer", "utime": "Wed, 10 Apr 2019 01:55:04 UTC"}}