{"txId": "281be410cf6d96487da0473b2f617e8898e635422ed59fccf0b384133d9957c1", "ctime": "Wed, 10 Apr 2019 01:47:18 UTC", "utime": "Wed, 10 Apr 2019 01:47:18 UTC", "key": "ORDER107", "txData": {"txId": "281be410cf6d96487da0473b2f617e8898e635422ed59fccf0b384133d9957c1", "fcn": "initLedger", "args": [], "channelName": "mychannel", "chaincodeName": "beer-supplychain", "username": "client1", "orgName": "org1"}, "data": {"State": "1", "count": "0", "ctime": "Wed, 10 Apr 2019 01:47:18 UTC", "owner": "Genesis", "utime": "Wed, 10 Apr 2019 01:47:18 UTC"}}