{"txId": "2d24832bfaaeceac62da5e37425648e5f8c18661b34db1c641fc3f6d3399d20d", "ctime": "Wed, 10 Apr 2019 01:43:30 UTC", "utime": "Wed, 10 Apr 2019 01:43:30 UTC", "key": "ORDER105", "txData": {"txId": "2d24832bfaaeceac62da5e37425648e5f8c18661b34db1c641fc3f6d3399d20d", "fcn": "initLedger", "args": [], "channelName": "mychannel", "chaincodeName": "beer-supplychain", "username": "client1", "orgName": "org1"}, "data": {"State": "1", "count": "0", "ctime": "Wed, 10 Apr 2019 01:43:30 UTC", "owner": "Genesis", "utime": "Wed, 10 Apr 2019 01:43:30 UTC"}}