{"txId": "2d27e309968017b29f0167a2f8d09890f76c428b28ab290b600d5c35f776c18b", "ctime": "Wed, 10 Apr 2019 00:35:16 UTC", "utime": "Wed, 10 Apr 2019 00:37:29 UTC", "key": "ORDER104", "txData": {"txId": "2d27e309968017b29f0167a2f8d09890f76c428b28ab290b600d5c35f776c18b", "fcn": "acceptTransfer", "args": [], "channelName": "mychannel", "chaincodeName": "beer-supplychain", "username": "client1", "orgName": "org1"}, "data": {"State": "3", "count": "10", "ctime": "Wed, 10 Apr 2019 00:35:16 UTC", "owner": "Manufacturer", "utime": "Wed, 10 Apr 2019 00:37:29 UTC"}}