{"txId": "4705642bddab521cfff8f16f8774d80f3475dbfac004d4e654c9c1adda7a24d2", "ctime": "Wed, 10 Apr 2019 01:56:07 UTC", "utime": "Wed, 10 Apr 2019 01:57:04 UTC", "key": "ORDER112", "txData": {"txId": "4705642bddab521cfff8f16f8774d80f3475dbfac004d4e654c9c1adda7a24d2", "fcn": "createOrder", "args": ["ORDER112", "4", "10", "Retailer"], "channelName": "mychannel", "chaincodeName": "beer-supplychain", "username": "client1", "orgName": "Org1"}, "data": {"State": "4", "count": "10", "ctime": "Wed, 10 Apr 2019 01:56:07 UTC", "owner": "Retailer", "utime": "Wed, 10 Apr 2019 01:57:04 UTC"}}