{"txId": "4af99220420a15a3ead41f150e83fe36c3501413e9109e41055ec68376f03b5a", "ctime": "Wed, 10 Apr 2019 01:53:41 UTC", "utime": "Wed, 10 Apr 2019 01:53:41 UTC", "key": "ORDER109", "txData": {"txId": "4af99220420a15a3ead41f150e83fe36c3501413e9109e41055ec68376f03b5a", "fcn": "initLedger", "args": [], "channelName": "mychannel", "chaincodeName": "beer-supplychain", "username": "client1", "orgName": "org1"}, "data": {"State": "1", "count": "0", "ctime": "Wed, 10 Apr 2019 01:53:41 UTC", "owner": "Genesis", "utime": "Wed, 10 Apr 2019 01:53:41 UTC"}}