{"txId": "4f6a6c0a7a94530d7abd86b29944b0be57e8160e82bc7a29f4c5050d1b68d42b", "ctime": "Wed, 10 Apr 2019 01:47:18 UTC", "utime": "Wed, 10 Apr 2019 01:47:25 UTC", "key": "ORDER108", "txData": {"txId": "4f6a6c0a7a94530d7abd86b29944b0be57e8160e82bc7a29f4c5050d1b68d42b", "fcn": "startTransfer", "args": ["Manufacturer", "10"], "channelName": "mychannel", "chaincodeName": "beer-supplychain", "username": "client1", "orgName": "org1"}, "data": {"State": "2", "count": "10", "ctime": "Wed, 10 Apr 2019 01:47:18 UTC", "owner": "Manufacturer", "utime": "Wed, 10 Apr 2019 01:47:25 UTC"}}