{"txId": "560d20be478261f1ea9f95e568eb73ea3cc6c007f68ffc45ed35976338410c61", "ctime": "Wed, 10 Apr 2019 04:32:21 UTC", "utime": "Wed, 10 Apr 2019 04:43:49 UTC", "key": "ORDER113", "txData": {"txId": "560d20be478261f1ea9f95e568eb73ea3cc6c007f68ffc45ed35976338410c61", "fcn": "requestTransfer", "args": ["Retailer", "10"], "channelName": "mychannel", "chaincodeName": "beer-supplychain", "username": "client1", "orgName": "Org1"}, "data": {"State": "2", "count": "10", "ctime": "Wed, 10 Apr 2019 04:32:21 UTC", "owner": "Retailer", "utime": "Wed, 10 Apr 2019 04:43:49 UTC"}}