{"txId": "562e401f39ff5e8dd5dd8836229bd04f29a71830f412afc7ddf098fda2ec7fcd", "ctime": "Wed, 10 Apr 2019 08:02:17 UTC", "utime": "Wed, 10 Apr 2019 08:04:05 UTC", "key": "ORDER115", "txData": {"txId": "562e401f39ff5e8dd5dd8836229bd04f29a71830f412afc7ddf098fda2ec7fcd", "fcn": "requestTransfer", "args": ["ShippingCompany", "3"], "channelName": "mychannel", "chaincodeName": "beer-supplychain", "username": "client1", "orgName": "org1"}, "data": {"State": "2", "count": "3", "ctime": "Wed, 10 Apr 2019 08:02:17 UTC", "owner": "ShippingCompany", "utime": "Wed, 10 Apr 2019 08:04:05 UTC"}}