{"txId": "5c54358b6f0f9300e4e4a2a00585a207efd9a78c261e0a360831040146f3d3d5", "ctime": "Wed, 10 Apr 2019 05:54:39 UTC", "utime": "Wed, 10 Apr 2019 05:55:02 UTC", "key": "ORDER114", "txData": {"txId": "5c54358b6f0f9300e4e4a2a00585a207efd9a78c261e0a360831040146f3d3d5", "fcn": "startTransfer", "args": ["Manufacturer", "10"], "channelName": "mychannel", "chaincodeName": "beer-supplychain", "username": "client1", "orgName": "org1"}, "data": {"State": "2", "count": "10", "ctime": "Wed, 10 Apr 2019 05:54:39 UTC", "owner": "Manufacturer", "utime": "Wed, 10 Apr 2019 05:55:02 UTC"}}