{"txId": "742a1fee7291d7c25d8e652683f5560d4d7f14ddb331c31a3ca6eb5dbf5a7d26", "ctime": "Wed, 10 Apr 2019 04:32:21 UTC", "utime": "Wed, 10 Apr 2019 04:43:35 UTC", "key": "ORDER113", "txData": {"txId": "742a1fee7291d7c25d8e652683f5560d4d7f14ddb331c31a3ca6eb5dbf5a7d26", "fcn": "acceptTransfer", "args": [], "channelName": "mychannel", "chaincodeName": "beer-supplychain", "username": "client1", "orgName": "Org1"}, "data": {"State": "3", "count": "10", "ctime": "Wed, 10 Apr 2019 04:32:21 UTC", "owner": "ShippingCompany", "utime": "Wed, 10 Apr 2019 04:43:35 UTC"}}