{"txId": "94dcf71bb50ae5ac6cc1b63e94da9ce75bf9f8f28745bbc36d6debc84fc2ffe2", "ctime": "Wed, 10 Apr 2019 08:02:17 UTC", "utime": "Wed, 10 Apr 2019 08:04:26 UTC", "key": "ORDER115", "txData": {"txId": "94dcf71bb50ae5ac6cc1b63e94da9ce75bf9f8f28745bbc36d6debc84fc2ffe2", "fcn": "acceptTransfer", "args": [], "channelName": "mychannel", "chaincodeName": "beer-supplychain", "username": "client1", "orgName": "org1"}, "data": {"State": "3", "count": "3", "ctime": "Wed, 10 Apr 2019 08:02:17 UTC", "owner": "ShippingCompany", "utime": "Wed, 10 Apr 2019 08:04:26 UTC"}}