{"txId": "9636149a0f4bc0a96d7837d359353142b6a4f6bb31e1f5c9f29327759b16ad9c", "ctime": "Wed, 10 Apr 2019 04:32:21 UTC", "utime": "Wed, 10 Apr 2019 04:44:09 UTC", "key": "ORDER113", "txData": {"txId": "9636149a0f4bc0a96d7837d359353142b6a4f6bb31e1f5c9f29327759b16ad9c", "fcn": "createOrder", "args": ["ORDER113", "4", "10", "Retailer"], "channelName": "mychannel", "chaincodeName": "beer-supplychain", "username": "client1", "orgName": "Org1"}, "data": {"State": "4", "count": "10", "ctime": "Wed, 10 Apr 2019 04:32:21 UTC", "owner": "Retailer", "utime": "Wed, 10 Apr 2019 04:44:09 UTC"}}