{"txId": "9c0b0de47a0d34a421c059c5bb0f2308537917643afb716fa5e1dbd7dfaa60bb", "ctime": "Wed, 10 Apr 2019 00:35:16 UTC", "utime": "Wed, 10 Apr 2019 00:35:16 UTC", "key": "ORDER103", "txData": {"txId": "9c0b0de47a0d34a421c059c5bb0f2308537917643afb716fa5e1dbd7dfaa60bb", "fcn": "initLedger", "args": [], "channelName": "mychannel", "chaincodeName": "beer-supplychain", "username": "client1", "orgName": "org1"}, "data": {"State": "1", "count": "0", "ctime": "Wed, 10 Apr 2019 00:35:16 UTC", "owner": "Genesis", "utime": "Wed, 10 Apr 2019 00:35:16 UTC"}}