{"txId": "b6dda62e6e48bf8b9e4c728fa302fab7cb51fd4a5604dbaf161d46457bc48d9a", "ctime": "Wed, 10 Apr 2019 01:56:07 UTC", "utime": "Wed, 10 Apr 2019 01:56:07 UTC", "key": "ORDER111", "txData": {"txId": "b6dda62e6e48bf8b9e4c728fa302fab7cb51fd4a5604dbaf161d46457bc48d9a", "fcn": "initLedger", "args": [], "channelName": "mychannel", "chaincodeName": "beer-supplychain", "username": "client1", "orgName": "org1"}, "data": {"State": "1", "count": "0", "ctime": "Wed, 10 Apr 2019 01:56:07 UTC", "owner": "Genesis", "utime": "Wed, 10 Apr 2019 01:56:07 UTC"}}