{"txId": "c248c624072d483bac72c1c7b90020ffd854fbc0549ccf133cee7e72f538bc4e", "ctime": "Wed, 10 Apr 2019 04:32:21 UTC", "utime": "Wed, 10 Apr 2019 04:32:25 UTC", "key": "ORDER113", "txData": {"txId": "c248c624072d483bac72c1c7b90020ffd854fbc0549ccf133cee7e72f538bc4e", "fcn": "startTransfer", "args": ["Manufacturer", "10"], "channelName": "mychannel", "chaincodeName": "beer-supplychain", "username": "client1", "orgName": "Org1"}, "data": {"State": "2", "count": "10", "ctime": "Wed, 10 Apr 2019 04:32:21 UTC", "owner": "Manufacturer", "utime": "Wed, 10 Apr 2019 04:32:25 UTC"}}