{"txId": "d25706b83ef9a76ce8c2eca4e80be6bafc57780cd05d31022f738edbd7f9fdc2", "ctime": "Wed, 10 Apr 2019 01:43:30 UTC", "utime": "Wed, 10 Apr 2019 01:43:41 UTC", "key": "ORDER106", "txData": {"txId": "d25706b83ef9a76ce8c2eca4e80be6bafc57780cd05d31022f738edbd7f9fdc2", "fcn": "startTransfer", "args": ["Manufacturer", "10"], "channelName": "mychannel", "chaincodeName": "beer-supplychain", "username": "client1", "orgName": "org1"}, "data": {"State": "2", "count": "10", "ctime": "Wed, 10 Apr 2019 01:43:30 UTC", "owner": "Manufacturer", "utime": "Wed, 10 Apr 2019 01:43:41 UTC"}}