{"txId": "dbada0b490b7c6e533bd6cdb01441575d2111d3214f1a0f113cb5c909b691b2b", "ctime": "Wed, 10 Apr 2019 01:21:16 UTC", "utime": "Wed, 10 Apr 2019 01:21:16 UTC", "key": "ORDER104", "txData": {"txId": "dbada0b490b7c6e533bd6cdb01441575d2111d3214f1a0f113cb5c909b691b2b", "fcn": "initLedger", "args": [], "channelName": "mychannel", "chaincodeName": "beer-supplychain", "username": "client1", "orgName": "org1"}, "data": {"State": "1", "count": "0", "ctime": "Wed, 10 Apr 2019 01:21:16 UTC", "owner": "Genesis", "utime": "Wed, 10 Apr 2019 01:21:16 UTC"}}