{"txId": "dd1dee2a7a88c269c2e0bddfa13e2a8a86bc264fc0f575a7e1d491a65d3bb72d", "ctime": "Wed, 10 Apr 2019 08:02:17 UTC", "utime": "Wed, 10 Apr 2019 11:25:09 UTC", "key": "ORDER115", "txData": {"txId": "dd1dee2a7a88c269c2e0bddfa13e2a8a86bc264fc0f575a7e1d491a65d3bb72d", "fcn": "createOrder", "args": ["ORDER0", "0", "10", "Manufacturer"], "channelName": "mychannel", "chaincodeName": "beer-supplychain", "username": "client1", "orgName": "Org1"}, "data": {"State": "0", "count": "10", "ctime": "Wed, 10 Apr 2019 08:02:17 UTC", "owner": "Manufacturer", "utime": "Wed, 10 Apr 2019 11:25:09 UTC"}}