{"txId": "e253878f5fc9193aff71dd289b3799092bc5629473406e8edd3caeafe8100b15", "ctime": "Wed, 10 Apr 2019 01:21:16 UTC", "utime": "Wed, 10 Apr 2019 01:40:20 UTC", "key": "ORDER105", "txData": {"txId": "e253878f5fc9193aff71dd289b3799092bc5629473406e8edd3caeafe8100b15", "fcn": "requestTransfer", "args": ["ShippingCompany", "5"], "channelName": "mychannel", "chaincodeName": "beer-supplychain", "username": "client1", "orgName": "org1"}, "data": {"State": "2", "count": "5", "ctime": "Wed, 10 Apr 2019 01:21:16 UTC", "owner": "ShippingCompany", "utime": "Wed, 10 Apr 2019 01:40:20 UTC"}}