{"txId": "e7515777b9ddc863b5654d2150d286af1179c61c9451eb1f4c7c1c8af52bc5e6", "ctime": "Wed, 10 Apr 2019 08:02:17 UTC", "utime": "Wed, 10 Apr 2019 08:05:11 UTC", "key": "ORDER115", "txData": {"txId": "e7515777b9ddc863b5654d2150d286af1179c61c9451eb1f4c7c1c8af52bc5e6", "fcn": "createOrder", "args": ["ORDER115", "5", "2", "Retailer"], "channelName": "mychannel", "chaincodeName": "beer-supplychain", "username": "client1", "orgName": "Org1"}, "data": {"State": "5", "count": "2", "ctime": "Wed, 10 Apr 2019 08:02:17 UTC", "owner": "Retailer", "utime": "Wed, 10 Apr 2019 08:05:11 UTC"}}