{"txId": "eb348f341937003519af26c14dd6161fcc5bc9489c7e0b38f03fc3708f0343dc", "ctime": "Wed, 10 Apr 2019 01:21:16 UTC", "utime": "Wed, 10 Apr 2019 01:40:07 UTC", "key": "ORDER105", "txData": {"txId": "eb348f341937003519af26c14dd6161fcc5bc9489c7e0b38f03fc3708f0343dc", "fcn": "acceptTransfer", "args": [], "channelName": "mychannel", "chaincodeName": "beer-supplychain", "username": "client1", "orgName": "org1"}, "data": {"State": "3", "count": "10", "ctime": "Wed, 10 Apr 2019 01:21:16 UTC", "owner": "Manufacturer", "utime": "Wed, 10 Apr 2019 01:40:07 UTC"}}