{"txId": "ff142e2099f70e5d4ff8c58ab043cbc9367f756a0fd6adb5ab39885c8f83f757", "ctime": "Wed, 10 Apr 2019 01:52:46 UTC", "utime": "Wed, 10 Apr 2019 01:52:46 UTC", "key": "ORDER108", "txData": {"txId": "ff142e2099f70e5d4ff8c58ab043cbc9367f756a0fd6adb5ab39885c8f83f757", "fcn": "initLedger", "args": [], "channelName": "mychannel", "chaincodeName": "beer-supplychain", "username": "client1", "orgName": "org1"}, "data": {"State": "1", "count": "0", "ctime": "Wed, 10 Apr 2019 01:52:46 UTC", "owner": "Genesis", "utime": "Wed, 10 Apr 2019 01:52:46 UTC"}}