{"txId": "00d8b395547b49a8420b85afcf987f6f73285471e1194e825c627a9aab47adb8", "ctime": "Wed, 17 Apr 2019 08:43:13 UTC", "utime": "Wed, 17 Apr 2019 08:43:13 UTC", "key": "ORDER337", "txData": {"txId": "00d8b395547b49a8420b85afcf987f6f73285471e1194e825c627a9aab47adb8", "fcn": "initLedger", "args": [], "channelName": "mychannel", "chaincodeName": "beer-supplychain", "username": "client1", "orgName": "Org1"}, "data": {"State": "1", "count": "0", "ctime": "Wed, 17 Apr 2019 08:43:13 UTC", "owner": "Genesis", "utime": "Wed, 17 Apr 2019 08:43:13 UTC"}}