{"txId": "01cef4035de4585c8fd4b95a15ad0dd7d237448a639f09e5c6c5e801948bbab8", "ctime": "Wed, 17 Apr 2019 06:20:12 UTC", "utime": "Wed, 17 Apr 2019 06:21:39 UTC", "key": "ORDER305", "txData": {"txId": "01cef4035de4585c8fd4b95a15ad0dd7d237448a639f09e5c6c5e801948bbab8", "fcn": "requestTransfer", "args": ["Retailer", "10"], "channelName": "mychannel", "chaincodeName": "beer-supplychain", "username": "client1", "orgName": "Org1"}, "data": {"State": "2", "count": "10", "ctime": "Wed, 17 Apr 2019 06:20:12 UTC", "owner": "Retailer", "utime": "Wed, 17 Apr 2019 06:21:39 UTC"}}