{"txId": "02270ea3461c79e22343a9da1eb1f49370850e4ddd3198165e5c8cdc0c65f953", "ctime": "Wed, 17 Apr 2019 08:44:39 UTC", "utime": "Wed, 17 Apr 2019 08:45:05 UTC", "key": "ORDER342", "txData": {"txId": "02270ea3461c79e22343a9da1eb1f49370850e4ddd3198165e5c8cdc0c65f953", "fcn": "startTransfer", "args": ["Manufacturer", "10"], "channelName": "mychannel", "chaincodeName": "beer-supplychain", "username": "client1", "orgName": "Org1"}, "data": {"State": "2", "count": "10", "ctime": "Wed, 17 Apr 2019 08:44:39 UTC", "owner": "Manufacturer", "utime": "Wed, 17 Apr 2019 08:45:05 UTC"}}