{"txId": "034b7837cae1ed911f2a2127fc1a0fb466235e8b2da6f6737fd1c808841d8745", "ctime": "Wed, 17 Apr 2019 05:50:48 UTC", "utime": "Wed, 17 Apr 2019 05:50:52 UTC", "key": "ORDER299", "txData": {"txId": "034b7837cae1ed911f2a2127fc1a0fb466235e8b2da6f6737fd1c808841d8745", "fcn": "startTransfer", "args": ["Manufacturer", "10"], "channelName": "mychannel", "chaincodeName": "beer-supplychain", "username": "client1", "orgName": "Org1"}, "data": {"State": "2", "count": "10", "ctime": "Wed, 17 Apr 2019 05:50:48 UTC", "owner": "Manufacturer", "utime": "Wed, 17 Apr 2019 05:50:52 UTC"}}