{"txId": "0602921a2dcd2081453cfa8f2ac79106ac6d4ef680a96a42ef17ae579761271b", "ctime": "Wed, 17 Apr 2019 04:19:22 UTC", "utime": "Wed, 17 Apr 2019 04:22:12 UTC", "key": "ORDER260", "txData": {"txId": "0602921a2dcd2081453cfa8f2ac79106ac6d4ef680a96a42ef17ae579761271b", "fcn": "requestTransfer", "args": ["Retailer", "3"], "channelName": "mychannel", "chaincodeName": "beer-supplychain", "username": "client1", "orgName": "Org1"}, "data": {"State": "2", "count": "3", "ctime": "Wed, 17 Apr 2019 04:19:22 UTC", "owner": "Retailer", "utime": "Wed, 17 Apr 2019 04:22:12 UTC"}}