{"txId": "067401713c9f735c60cad312bec2b1a025c406e1b8d54ef6b5b2d1333502f91c", "ctime": "Wed, 17 Apr 2019 02:16:37 UTC", "utime": "Wed, 17 Apr 2019 02:16:37 UTC", "key": "ORDER228", "txData": {"txId": "067401713c9f735c60cad312bec2b1a025c406e1b8d54ef6b5b2d1333502f91c", "fcn": "initLedger", "args": [], "channelName": "mychannel", "chaincodeName": "beer-supplychain", "username": "client1", "orgName": "Org1"}, "data": {"State": "1", "count": "0", "ctime": "Wed, 17 Apr 2019 02:16:37 UTC", "owner": "Genesis", "utime": "Wed, 17 Apr 2019 02:16:37 UTC"}}