{"txId": "083c4d7357bd13096fab5654f96748aabdecda960d15ed7254e06b7cb2654cca", "ctime": "Wed, 17 Apr 2019 03:27:46 UTC", "utime": "Wed, 17 Apr 2019 03:28:17 UTC", "key": "ORDER255", "txData": {"txId": "083c4d7357bd13096fab5654f96748aabdecda960d15ed7254e06b7cb2654cca", "fcn": "requestTransfer", "args": ["Retailer", "3"], "channelName": "mychannel", "chaincodeName": "beer-supplychain", "username": "client1", "orgName": "Org1"}, "data": {"State": "2", "count": "3", "ctime": "Wed, 17 Apr 2019 03:27:46 UTC", "owner": "Retailer", "utime": "Wed, 17 Apr 2019 03:28:17 UTC"}}