{"txId": "08e8f388fd8162c0be1f08843ea5aee403153080f7a3a97f6897d96533e780dc", "ctime": "Wed, 17 Apr 2019 05:31:34 UTC", "utime": "Wed, 17 Apr 2019 05:33:40 UTC", "key": "ORDER295", "txData": {"txId": "08e8f388fd8162c0be1f08843ea5aee403153080f7a3a97f6897d96533e780dc", "fcn": "requestTransfer", "args": ["Retailer", "3"], "channelName": "mychannel", "chaincodeName": "beer-supplychain", "username": "client1", "orgName": "Org1"}, "data": {"State": "2", "count": "3", "ctime": "Wed, 17 Apr 2019 05:31:34 UTC", "owner": "Retailer", "utime": "Wed, 17 Apr 2019 05:33:40 UTC"}}