{"txId": "09ea70f004b18d7e95be47cbced6b97eabf109cf45f1cc8d4928bc50d4d23774", "ctime": "Wed, 17 Apr 2019 03:14:20 UTC", "utime": "Wed, 17 Apr 2019 03:16:02 UTC", "key": "ORDER250", "txData": {"txId": "09ea70f004b18d7e95be47cbced6b97eabf109cf45f1cc8d4928bc50d4d23774", "fcn": "startTransfer", "args": ["Manufacturer", "10"], "channelName": "mychannel", "chaincodeName": "beer-supplychain", "username": "client1", "orgName": "Org1"}, "data": {"State": "2", "count": "10", "ctime": "Wed, 17 Apr 2019 03:14:20 UTC", "owner": "Manufacturer", "utime": "Wed, 17 Apr 2019 03:16:02 UTC"}}