{"txId": "0a7636bee76cdb40d187ac4db3e7fb49712c99400d2be5e39011c0cee494dcf6", "ctime": "Wed, 17 Apr 2019 04:53:40 UTC", "utime": "Wed, 17 Apr 2019 04:54:55 UTC", "key": "ORDER283", "txData": {"txId": "0a7636bee76cdb40d187ac4db3e7fb49712c99400d2be5e39011c0cee494dcf6", "fcn": "requestTransfer", "args": ["Retailer", "10"], "channelName": "mychannel", "chaincodeName": "beer-supplychain", "username": "client1", "orgName": "Org1"}, "data": {"State": "2", "count": "10", "ctime": "Wed, 17 Apr 2019 04:53:40 UTC", "owner": "Retailer", "utime": "Wed, 17 Apr 2019 04:54:55 UTC"}}