{"txId": "0aba5edd02d510228e384a26321ee10fbfcde60fafccb787b30e4a337866f615", "ctime": "Wed, 17 Apr 2019 05:45:48 UTC", "utime": "Wed, 17 Apr 2019 05:45:48 UTC", "key": "ORDER296", "txData": {"txId": "0aba5edd02d510228e384a26321ee10fbfcde60fafccb787b30e4a337866f615", "fcn": "initLedger", "args": [], "channelName": "mychannel", "chaincodeName": "beer-supplychain", "username": "client1", "orgName": "Org1"}, "data": {"State": "1", "count": "0", "ctime": "Wed, 17 Apr 2019 05:45:48 UTC", "owner": "Genesis", "utime": "Wed, 17 Apr 2019 05:45:48 UTC"}}