{"txId": "0c417014739caf538c402abea8b1655086eed7b220e8d8f0aaea9e1f5d6086c2", "ctime": "Wed, 17 Apr 2019 08:51:56 UTC", "utime": "Wed, 17 Apr 2019 08:53:25 UTC", "key": "ORDER345", "txData": {"txId": "0c417014739caf538c402abea8b1655086eed7b220e8d8f0aaea9e1f5d6086c2", "fcn": "requestTransfer", "args": ["Retailer", "3"], "channelName": "mychannel", "chaincodeName": "beer-supplychain", "username": "client1", "orgName": "Org1"}, "data": {"State": "2", "count": "3", "ctime": "Wed, 17 Apr 2019 08:51:56 UTC", "owner": "Retailer", "utime": "Wed, 17 Apr 2019 08:53:25 UTC"}}