{"txId": "0cf2f5ac5a042d160375580408c94b17f685db07e07452a28123dc4651a03bec", "ctime": "Wed, 17 Apr 2019 00:13:13 UTC", "utime": "Wed, 17 Apr 2019 00:14:17 UTC", "key": "ORDER206", "txData": {"txId": "0cf2f5ac5a042d160375580408c94b17f685db07e07452a28123dc4651a03bec", "fcn": "acceptTransfer", "args": [], "channelName": "mychannel", "chaincodeName": "beer-supplychain", "username": "client1", "orgName": "Org1"}, "data": {"State": "3", "count": "3", "ctime": "Wed, 17 Apr 2019 00:13:13 UTC", "owner": "Retailer", "utime": "Wed, 17 Apr 2019 00:14:17 UTC"}}