{"txId": "0db131ee36db37b94ecf5c2e499da3c6d9538feb2c7fb5cb6b6f64eb875e48d2", "ctime": "Wed, 17 Apr 2019 06:16:42 UTC", "utime": "Wed, 17 Apr 2019 06:16:42 UTC", "key": "ORDER303", "txData": {"txId": "0db131ee36db37b94ecf5c2e499da3c6d9538feb2c7fb5cb6b6f64eb875e48d2", "fcn": "initLedger", "args": [], "channelName": "mychannel", "chaincodeName": "beer-supplychain", "username": "client1", "orgName": "Org1"}, "data": {"State": "1", "count": "0", "ctime": "Wed, 17 Apr 2019 06:16:42 UTC", "owner": "Genesis", "utime": "Wed, 17 Apr 2019 06:16:42 UTC"}}