{"txId": "0e1f8bdc892e26c83202c60991c006d37497bc48fff6c06fc0a641c6856fd141", "ctime": "Wed, 17 Apr 2019 04:53:40 UTC", "utime": "Wed, 17 Apr 2019 04:54:34 UTC", "key": "ORDER283", "txData": {"txId": "0e1f8bdc892e26c83202c60991c006d37497bc48fff6c06fc0a641c6856fd141", "fcn": "requestTransfer", "args": ["ShippingCompany", "10"], "channelName": "mychannel", "chaincodeName": "beer-supplychain", "username": "client1", "orgName": "Org1"}, "data": {"State": "2", "count": "10", "ctime": "Wed, 17 Apr 2019 04:53:40 UTC", "owner": "ShippingCompany", "utime": "Wed, 17 Apr 2019 04:54:34 UTC"}}