{"txId": "0febb9a6ae26f7cc9861b5ff955dc9d8198e4bfbbdd6b0fc695537418601f859", "ctime": "Wed, 17 Apr 2019 08:45:39 UTC", "utime": "Wed, 17 Apr 2019 08:46:24 UTC", "key": "ORDER343", "txData": {"txId": "0febb9a6ae26f7cc9861b5ff955dc9d8198e4bfbbdd6b0fc695537418601f859", "fcn": "startTransfer", "args": ["Manufacturer", "10"], "channelName": "mychannel", "chaincodeName": "beer-supplychain", "username": "client1", "orgName": "Org1"}, "data": {"State": "2", "count": "10", "ctime": "Wed, 17 Apr 2019 08:45:39 UTC", "owner": "Manufacturer", "utime": "Wed, 17 Apr 2019 08:46:24 UTC"}}