{"txId": "0ffbab628e2130b17047f94d578796c574fdb502363a60d5d46be5a1bd58c4aa", "ctime": "Wed, 17 Apr 2019 08:04:56 UTC", "utime": "Wed, 17 Apr 2019 08:04:56 UTC", "key": "ORDER324", "txData": {"txId": "0ffbab628e2130b17047f94d578796c574fdb502363a60d5d46be5a1bd58c4aa", "fcn": "initLedger", "args": [], "channelName": "mychannel", "chaincodeName": "beer-supplychain", "username": "client1", "orgName": "Org1"}, "data": {"State": "1", "count": "0", "ctime": "Wed, 17 Apr 2019 08:04:56 UTC", "owner": "Genesis", "utime": "Wed, 17 Apr 2019 08:04:56 UTC"}}