{"txId": "11db410d0f5ea8fb0ee43b67b77593196a5a480b953fbd0629da7602c5459c0b", "ctime": "Wed, 17 Apr 2019 16:39:29 UTC", "utime": "Wed, 17 Apr 2019 16:40:30 UTC", "key": "ORDER354", "txData": {"txId": "11db410d0f5ea8fb0ee43b67b77593196a5a480b953fbd0629da7602c5459c0b", "fcn": "acceptTransfer", "args": [], "channelName": "mychannel", "chaincodeName": "beer-supplychain", "username": "client1", "orgName": "org1"}, "data": {"State": "3", "count": "30", "ctime": "Wed, 17 Apr 2019 16:39:29 UTC", "owner": "ShippingCompany", "utime": "Wed, 17 Apr 2019 16:40:30 UTC"}}