{"txId": "138858c530da87829cd53d66bc24515640d68856c6fd2e559107d0fa354cb93b", "ctime": "Wed, 17 Apr 2019 04:03:00 UTC", "utime": "Wed, 17 Apr 2019 04:04:41 UTC", "key": "ORDER257", "txData": {"txId": "138858c530da87829cd53d66bc24515640d68856c6fd2e559107d0fa354cb93b", "fcn": "startTransfer", "args": ["Manufacturer", "10"], "channelName": "mychannel", "chaincodeName": "beer-supplychain", "username": "client1", "orgName": "Org1"}, "data": {"State": "2", "count": "10", "ctime": "Wed, 17 Apr 2019 04:03:00 UTC", "owner": "Manufacturer", "utime": "Wed, 17 Apr 2019 04:04:41 UTC"}}