{"txId": "13f55274fbe8988bf3d6ce1d3531c1b3e5663616923b3afac16a3bbff396b81a", "ctime": "Wed, 17 Apr 2019 04:53:28 UTC", "utime": "Wed, 17 Apr 2019 04:53:28 UTC", "key": "ORDER281", "txData": {"txId": "13f55274fbe8988bf3d6ce1d3531c1b3e5663616923b3afac16a3bbff396b81a", "fcn": "initLedger", "args": [], "channelName": "mychannel", "chaincodeName": "beer-supplychain", "username": "client1", "orgName": "Org1"}, "data": {"State": "1", "count": "0", "ctime": "Wed, 17 Apr 2019 04:53:28 UTC", "owner": "Genesis", "utime": "Wed, 17 Apr 2019 04:53:28 UTC"}}