{"txId": "146655ac2c0a0646eaeaadf12b122210b847fbaec93b0073c9e687bd0a6461aa", "ctime": "Wed, 17 Apr 2019 05:17:38 UTC", "utime": "Wed, 17 Apr 2019 05:19:28 UTC", "key": "ORDER290", "txData": {"txId": "146655ac2c0a0646eaeaadf12b122210b847fbaec93b0073c9e687bd0a6461aa", "fcn": "requestTransfer", "args": ["Retailer", "10"], "channelName": "mychannel", "chaincodeName": "beer-supplychain", "username": "client1", "orgName": "Org1"}, "data": {"State": "2", "count": "10", "ctime": "Wed, 17 Apr 2019 05:17:38 UTC", "owner": "Retailer", "utime": "Wed, 17 Apr 2019 05:19:28 UTC"}}