{"txId": "14673eb65b1c20b1f4044c2dc31207e865422b79dd4021824b44031040dd9213", "ctime": "Wed, 17 Apr 2019 01:46:01 UTC", "utime": "Wed, 17 Apr 2019 01:47:39 UTC", "key": "ORDER221", "txData": {"txId": "14673eb65b1c20b1f4044c2dc31207e865422b79dd4021824b44031040dd9213", "fcn": "requestTransfer", "args": ["Retailer", "3"], "channelName": "mychannel", "chaincodeName": "beer-supplychain", "username": "client1", "orgName": "Org1"}, "data": {"State": "2", "count": "3", "ctime": "Wed, 17 Apr 2019 01:46:01 UTC", "owner": "Retailer", "utime": "Wed, 17 Apr 2019 01:47:39 UTC"}}