{"txId": "15e2403a913ffc02f3a14a647c6c8717ca2738cb8aceee2b0617f4731bcaf453", "ctime": "Wed, 17 Apr 2019 03:29:59 UTC", "utime": "Wed, 17 Apr 2019 03:30:39 UTC", "key": "ORDER256", "txData": {"txId": "15e2403a913ffc02f3a14a647c6c8717ca2738cb8aceee2b0617f4731bcaf453", "fcn": "acceptTransfer", "args": [], "channelName": "mychannel", "chaincodeName": "beer-supplychain", "username": "client1", "orgName": "Org1"}, "data": {"State": "3", "count": "10", "ctime": "Wed, 17 Apr 2019 03:29:59 UTC", "owner": "ShippingCompany", "utime": "Wed, 17 Apr 2019 03:30:39 UTC"}}