{"txId": "15f71ef0678b71a02785e287fe5d5ac679ff2eab31f70f51b1080adf61d4fb03", "ctime": "Wed, 17 Apr 2019 07:17:37 UTC", "utime": "Wed, 17 Apr 2019 07:21:45 UTC", "key": "ORDER315", "txData": {"txId": "15f71ef0678b71a02785e287fe5d5ac679ff2eab31f70f51b1080adf61d4fb03", "fcn": "acceptTransfer", "args": [], "channelName": "mychannel", "chaincodeName": "beer-supplychain", "username": "client1", "orgName": "Org1"}, "data": {"State": "3", "count": "10", "ctime": "Wed, 17 Apr 2019 07:17:37 UTC", "owner": "ShippingCompany", "utime": "Wed, 17 Apr 2019 07:21:45 UTC"}}