{"txId": "18d7542acb4d4c04cdc4b13ce2f81dc75cecb681fa603346f60bf558ba628cea", "ctime": "Wed, 17 Apr 2019 03:24:27 UTC", "utime": "Wed, 17 Apr 2019 03:25:24 UTC", "key": "ORDER252", "txData": {"txId": "18d7542acb4d4c04cdc4b13ce2f81dc75cecb681fa603346f60bf558ba628cea", "fcn": "acceptTransfer", "args": [], "channelName": "mychannel", "chaincodeName": "beer-supplychain", "username": "client1", "orgName": "Org1"}, "data": {"State": "3", "count": "3", "ctime": "Wed, 17 Apr 2019 03:24:27 UTC", "owner": "Retailer", "utime": "Wed, 17 Apr 2019 03:25:24 UTC"}}