{"txId": "194d8f5994fa5f03d786664b049f7098ff7583f9719d9adee7f2a554f6c9fd30", "ctime": "Wed, 17 Apr 2019 16:39:29 UTC", "utime": "Wed, 17 Apr 2019 16:40:50 UTC", "key": "ORDER354", "txData": {"txId": "194d8f5994fa5f03d786664b049f7098ff7583f9719d9adee7f2a554f6c9fd30", "fcn": "acceptTransfer", "args": [], "channelName": "mychannel", "chaincodeName": "beer-supplychain", "username": "client1", "orgName": "org1"}, "data": {"State": "3", "count": "30", "ctime": "Wed, 17 Apr 2019 16:39:29 UTC", "owner": "Retailer", "utime": "Wed, 17 Apr 2019 16:40:50 UTC"}}