{"txId": "19960d95d0e34a952f52aa016367b418ddc179c44f339449d7aad7092250713b", "ctime": "Wed, 17 Apr 2019 04:31:26 UTC", "utime": "Wed, 17 Apr 2019 04:31:26 UTC", "key": "ORDER264", "txData": {"txId": "19960d95d0e34a952f52aa016367b418ddc179c44f339449d7aad7092250713b", "fcn": "initLedger", "args": [], "channelName": "mychannel", "chaincodeName": "beer-supplychain", "username": "client1", "orgName": "Org1"}, "data": {"State": "1", "count": "0", "ctime": "Wed, 17 Apr 2019 04:31:26 UTC", "owner": "Genesis", "utime": "Wed, 17 Apr 2019 04:31:26 UTC"}}