{"txId": "19c623b7aa19e68937d361f93c1a1c8478ebfaa34a9c2c23cb32ee0d4459cca0", "ctime": "Wed, 17 Apr 2019 07:14:36 UTC", "utime": "Wed, 17 Apr 2019 07:15:17 UTC", "key": "ORDER313", "txData": {"txId": "19c623b7aa19e68937d361f93c1a1c8478ebfaa34a9c2c23cb32ee0d4459cca0", "fcn": "startTransfer", "args": ["Manufacturer", "10"], "channelName": "mychannel", "chaincodeName": "beer-supplychain", "username": "client1", "orgName": "Org1"}, "data": {"State": "2", "count": "10", "ctime": "Wed, 17 Apr 2019 07:14:36 UTC", "owner": "Manufacturer", "utime": "Wed, 17 Apr 2019 07:15:17 UTC"}}