{"txId": "1a2ba12134931ce99f9abe703e4da746f6606c1b480738ef41ef26c7c48fb73a", "ctime": "Wed, 17 Apr 2019 04:56:59 UTC", "utime": "Wed, 17 Apr 2019 05:05:01 UTC", "key": "ORDER284", "txData": {"txId": "1a2ba12134931ce99f9abe703e4da746f6606c1b480738ef41ef26c7c48fb73a", "fcn": "requestTransfer", "args": ["ShippingCompany", "10"], "channelName": "mychannel", "chaincodeName": "beer-supplychain", "username": "client1", "orgName": "Org1"}, "data": {"State": "2", "count": "10", "ctime": "Wed, 17 Apr 2019 04:56:59 UTC", "owner": "ShippingCompany", "utime": "Wed, 17 Apr 2019 05:05:01 UTC"}}