{"txId": "1b7061f96accc6daab906b8acbad21258d24399fdd458ffb7ceccb632704e9ef", "ctime": "Wed, 17 Apr 2019 06:20:12 UTC", "utime": "Wed, 17 Apr 2019 06:21:15 UTC", "key": "ORDER305", "txData": {"txId": "1b7061f96accc6daab906b8acbad21258d24399fdd458ffb7ceccb632704e9ef", "fcn": "acceptTransfer", "args": [], "channelName": "mychannel", "chaincodeName": "beer-supplychain", "username": "client1", "orgName": "Org1"}, "data": {"State": "3", "count": "10", "ctime": "Wed, 17 Apr 2019 06:20:12 UTC", "owner": "Manufacturer", "utime": "Wed, 17 Apr 2019 06:21:15 UTC"}}