{"txId": "1c35dca2278b2b6fa1bfb018f228614e31d3a3879c23e3b503ca9b3ce608970e", "ctime": "Wed, 17 Apr 2019 00:21:02 UTC", "utime": "Wed, 17 Apr 2019 00:21:38 UTC", "key": "ORDER209", "txData": {"txId": "1c35dca2278b2b6fa1bfb018f228614e31d3a3879c23e3b503ca9b3ce608970e", "fcn": "acceptTransfer", "args": [], "channelName": "mychannel", "chaincodeName": "beer-supplychain", "username": "client1", "orgName": "Org1"}, "data": {"State": "3", "count": "10", "ctime": "Wed, 17 Apr 2019 00:21:02 UTC", "owner": "Manufacturer", "utime": "Wed, 17 Apr 2019 00:21:38 UTC"}}