{"txId": "1d45008accc31e51cb86157064522cdf1f341c22b101a12b59f3f15c4962588e", "ctime": "Wed, 17 Apr 2019 04:39:46 UTC", "utime": "Wed, 17 Apr 2019 04:39:46 UTC", "key": "ORDER274", "txData": {"txId": "1d45008accc31e51cb86157064522cdf1f341c22b101a12b59f3f15c4962588e", "fcn": "initLedger", "args": [], "channelName": "mychannel", "chaincodeName": "beer-supplychain", "username": "client1", "orgName": "Org1"}, "data": {"State": "1", "count": "0", "ctime": "Wed, 17 Apr 2019 04:39:46 UTC", "owner": "Genesis", "utime": "Wed, 17 Apr 2019 04:39:46 UTC"}}