{"txId": "1ed8762694321f5f3251968c98e819bad26ab65c2888d9579f500841cfcc3b9e", "ctime": "Wed, 17 Apr 2019 02:23:16 UTC", "utime": "Wed, 17 Apr 2019 02:23:16 UTC", "key": "ORDER231", "txData": {"txId": "1ed8762694321f5f3251968c98e819bad26ab65c2888d9579f500841cfcc3b9e", "fcn": "initLedger", "args": [], "channelName": "mychannel", "chaincodeName": "beer-supplychain", "username": "client1", "orgName": "Org1"}, "data": {"State": "1", "count": "0", "ctime": "Wed, 17 Apr 2019 02:23:16 UTC", "owner": "Genesis", "utime": "Wed, 17 Apr 2019 02:23:16 UTC"}}