{"txId": "206771403bd63a712bffc3830213416ccb86168cbdd6a5bab062b6bb99e2cc58", "ctime": "Wed, 17 Apr 2019 05:12:45 UTC", "utime": "Wed, 17 Apr 2019 05:12:48 UTC", "key": "ORDER287", "txData": {"txId": "206771403bd63a712bffc3830213416ccb86168cbdd6a5bab062b6bb99e2cc58", "fcn": "startTransfer", "args": ["Manufacturer", "10"], "channelName": "mychannel", "chaincodeName": "beer-supplychain", "username": "client1", "orgName": "Org1"}, "data": {"State": "2", "count": "10", "ctime": "Wed, 17 Apr 2019 05:12:45 UTC", "owner": "Manufacturer", "utime": "Wed, 17 Apr 2019 05:12:48 UTC"}}