{"txId": "20e99d030b53a123b892952197719d769c4c0d00c1d9a29437b1d4f9190a63d4", "ctime": "Wed, 17 Apr 2019 00:23:58 UTC", "utime": "Wed, 17 Apr 2019 00:23:58 UTC", "key": "ORDER211", "txData": {"txId": "20e99d030b53a123b892952197719d769c4c0d00c1d9a29437b1d4f9190a63d4", "fcn": "initLedger", "args": [], "channelName": "mychannel", "chaincodeName": "beer-supplychain", "username": "client1", "orgName": "Org1"}, "data": {"State": "1", "count": "0", "ctime": "Wed, 17 Apr 2019 00:23:58 UTC", "owner": "Genesis", "utime": "Wed, 17 Apr 2019 00:23:58 UTC"}}