{"txId": "2134396be09755a9c2efd1cbff94d6d3c621dd27333448fe47b1e8b2d0ffebd7", "ctime": "Wed, 17 Apr 2019 05:31:07 UTC", "utime": "Wed, 17 Apr 2019 05:31:07 UTC", "key": "ORDER293", "txData": {"txId": "2134396be09755a9c2efd1cbff94d6d3c621dd27333448fe47b1e8b2d0ffebd7", "fcn": "initLedger", "args": [], "channelName": "mychannel", "chaincodeName": "beer-supplychain", "username": "client1", "orgName": "Org1"}, "data": {"State": "1", "count": "0", "ctime": "Wed, 17 Apr 2019 05:31:07 UTC", "owner": "Genesis", "utime": "Wed, 17 Apr 2019 05:31:07 UTC"}}