{"txId": "217d3a37892451e86f82b9b36e96220c588e01f39abbb24f40460e52e58f2f6b", "ctime": "Wed, 17 Apr 2019 03:24:27 UTC", "utime": "Wed, 17 Apr 2019 03:24:48 UTC", "key": "ORDER252", "txData": {"txId": "217d3a37892451e86f82b9b36e96220c588e01f39abbb24f40460e52e58f2f6b", "fcn": "requestTransfer", "args": ["ShippingCompany", "10"], "channelName": "mychannel", "chaincodeName": "beer-supplychain", "username": "client1", "orgName": "Org1"}, "data": {"State": "2", "count": "10", "ctime": "Wed, 17 Apr 2019 03:24:27 UTC", "owner": "ShippingCompany", "utime": "Wed, 17 Apr 2019 03:24:48 UTC"}}