{"txId": "237d3d5ef21c60b130efe42ef4f4c3960b0c5638068f7e87b8b3ea02bb2a33bc", "ctime": "Wed, 17 Apr 2019 02:23:44 UTC", "utime": "Wed, 17 Apr 2019 02:24:02 UTC", "key": "ORDER233", "txData": {"txId": "237d3d5ef21c60b130efe42ef4f4c3960b0c5638068f7e87b8b3ea02bb2a33bc", "fcn": "startTransfer", "args": ["Manufacturer", "10"], "channelName": "mychannel", "chaincodeName": "beer-supplychain", "username": "client1", "orgName": "Org1"}, "data": {"State": "2", "count": "10", "ctime": "Wed, 17 Apr 2019 02:23:44 UTC", "owner": "Manufacturer", "utime": "Wed, 17 Apr 2019 02:24:02 UTC"}}