{"txId": "23bfca0bbae384a953560bd3856d82b326213c526967048617e4b557cf7df26d", "ctime": "Wed, 17 Apr 2019 05:13:57 UTC", "utime": "Wed, 17 Apr 2019 05:13:57 UTC", "key": "ORDER288", "txData": {"txId": "23bfca0bbae384a953560bd3856d82b326213c526967048617e4b557cf7df26d", "fcn": "initLedger", "args": [], "channelName": "mychannel", "chaincodeName": "beer-supplychain", "username": "client1", "orgName": "Org1"}, "data": {"State": "1", "count": "0", "ctime": "Wed, 17 Apr 2019 05:13:57 UTC", "owner": "Genesis", "utime": "Wed, 17 Apr 2019 05:13:57 UTC"}}