{"txId": "23ec15186e73a6ed34c10725e40f0517fc76dae81cd26c4d7ab0701d06060b7e", "ctime": "Wed, 17 Apr 2019 16:50:27 UTC", "utime": "Wed, 17 Apr 2019 16:50:36 UTC", "key": "ORDER355", "txData": {"txId": "23ec15186e73a6ed34c10725e40f0517fc76dae81cd26c4d7ab0701d06060b7e", "fcn": "acceptTransfer", "args": [], "channelName": "mychannel", "chaincodeName": "beer-supplychain", "username": "client1", "orgName": "org1"}, "data": {"State": "3", "count": "30", "ctime": "Wed, 17 Apr 2019 16:50:27 UTC", "owner": "Manufacturer", "utime": "Wed, 17 Apr 2019 16:50:36 UTC"}}