{"txId": "2468989f9b8ecdd74c7a12dfa239fd93910b60cb3480cf88e2429b42db6eb110", "ctime": "Wed, 17 Apr 2019 07:56:07 UTC", "utime": "Wed, 17 Apr 2019 07:56:07 UTC", "key": "ORDER318", "txData": {"txId": "2468989f9b8ecdd74c7a12dfa239fd93910b60cb3480cf88e2429b42db6eb110", "fcn": "initLedger", "args": [], "channelName": "mychannel", "chaincodeName": "beer-supplychain", "username": "client1", "orgName": "Org1"}, "data": {"State": "1", "count": "0", "ctime": "Wed, 17 Apr 2019 07:56:07 UTC", "owner": "Genesis", "utime": "Wed, 17 Apr 2019 07:56:07 UTC"}}