{"txId": "25ccac390acd18620050afa3b03d933f08a88bcfdd21effed827c62de5dd640e", "ctime": "Wed, 17 Apr 2019 08:15:00 UTC", "utime": "Wed, 17 Apr 2019 08:22:52 UTC", "key": "ORDER334", "txData": {"txId": "25ccac390acd18620050afa3b03d933f08a88bcfdd21effed827c62de5dd640e", "fcn": "startTransfer", "args": ["Manufacturer", "10"], "channelName": "mychannel", "chaincodeName": "beer-supplychain", "username": "client1", "orgName": "Org1"}, "data": {"State": "2", "count": "10", "ctime": "Wed, 17 Apr 2019 08:15:00 UTC", "owner": "Manufacturer", "utime": "Wed, 17 Apr 2019 08:22:52 UTC"}}