{"txId": "27716f95718713e16b6a13076601bf05d1f5b9c001a49a95c4e647103a38b00a", "ctime": "Wed, 17 Apr 2019 05:59:49 UTC", "utime": "Wed, 17 Apr 2019 06:04:15 UTC", "key": "ORDER302", "txData": {"txId": "27716f95718713e16b6a13076601bf05d1f5b9c001a49a95c4e647103a38b00a", "fcn": "requestTransfer", "args": ["Retailer", "3"], "channelName": "mychannel", "chaincodeName": "beer-supplychain", "username": "client1", "orgName": "Org1"}, "data": {"State": "2", "count": "3", "ctime": "Wed, 17 Apr 2019 05:59:49 UTC", "owner": "Retailer", "utime": "Wed, 17 Apr 2019 06:04:15 UTC"}}