{"txId": "2a63819c83b096dcd71b785ff8c878e47ed51ec9623745efeb72e39ade470eff", "ctime": "Wed, 17 Apr 2019 03:24:27 UTC", "utime": "Wed, 17 Apr 2019 03:24:45 UTC", "key": "ORDER252", "txData": {"txId": "2a63819c83b096dcd71b785ff8c878e47ed51ec9623745efeb72e39ade470eff", "fcn": "acceptTransfer", "args": [], "channelName": "mychannel", "chaincodeName": "beer-supplychain", "username": "client1", "orgName": "Org1"}, "data": {"State": "3", "count": "10", "ctime": "Wed, 17 Apr 2019 03:24:27 UTC", "owner": "Manufacturer", "utime": "Wed, 17 Apr 2019 03:24:45 UTC"}}