{"txId": "2aaae1baecb1344eeee9362f1d550d5f45c24dd118e3cf610ab8e592f0316611", "ctime": "Wed, 17 Apr 2019 05:13:57 UTC", "utime": "Wed, 17 Apr 2019 05:16:39 UTC", "key": "ORDER289", "txData": {"txId": "2aaae1baecb1344eeee9362f1d550d5f45c24dd118e3cf610ab8e592f0316611", "fcn": "createOrder", "args": ["ORDER289", "5", "3", "Retailer"], "channelName": "mychannel", "chaincodeName": "beer-supplychain", "username": "client1", "orgName": "Org1"}, "data": {"State": "5", "count": "3", "ctime": "Wed, 17 Apr 2019 05:13:57 UTC", "owner": "Retailer", "utime": "Wed, 17 Apr 2019 05:16:39 UTC"}}