{"txId": "2bde40ebb0081bf8f352dfc0e16c8f765e007e95f587f1b968086771cd8f15d4", "ctime": "Wed, 17 Apr 2019 04:37:57 UTC", "utime": "Wed, 17 Apr 2019 04:38:00 UTC", "key": "ORDER270", "txData": {"txId": "2bde40ebb0081bf8f352dfc0e16c8f765e007e95f587f1b968086771cd8f15d4", "fcn": "startTransfer", "args": ["Manufacturer", "10"], "channelName": "mychannel", "chaincodeName": "beer-supplychain", "username": "client1", "orgName": "Org1"}, "data": {"State": "2", "count": "10", "ctime": "Wed, 17 Apr 2019 04:37:57 UTC", "owner": "Manufacturer", "utime": "Wed, 17 Apr 2019 04:38:00 UTC"}}