{"txId": "2c7efa6fd9191158a6c84f1561b2b7a49f8c2a62e20980c2d666e89ecebb20c2", "ctime": "Wed, 17 Apr 2019 00:40:57 UTC", "utime": "Wed, 17 Apr 2019 00:40:57 UTC", "key": "ORDER217", "txData": {"txId": "2c7efa6fd9191158a6c84f1561b2b7a49f8c2a62e20980c2d666e89ecebb20c2", "fcn": "initLedger", "args": [], "channelName": "mychannel", "chaincodeName": "beer-supplychain", "username": "client1", "orgName": "Org1"}, "data": {"State": "1", "count": "0", "ctime": "Wed, 17 Apr 2019 00:40:57 UTC", "owner": "Genesis", "utime": "Wed, 17 Apr 2019 00:40:57 UTC"}}