{"txId": "2cadb2408b4d6fd493fc28f1cb17bbb0186560de0ad941cc7e272b58cb619981", "ctime": "Wed, 17 Apr 2019 16:39:29 UTC", "utime": "Wed, 17 Apr 2019 16:39:33 UTC", "key": "ORDER354", "txData": {"txId": "2cadb2408b4d6fd493fc28f1cb17bbb0186560de0ad941cc7e272b58cb619981", "fcn": "startTransfer", "args": ["Manufacturer", "30"], "channelName": "mychannel", "chaincodeName": "beer-supplychain", "username": "client1", "orgName": "org1"}, "data": {"State": "2", "count": "30", "ctime": "Wed, 17 Apr 2019 16:39:29 UTC", "owner": "Manufacturer", "utime": "Wed, 17 Apr 2019 16:39:33 UTC"}}