{"txId": "2db3bd0480f9ea54d89db5e89d5e54bae0df14a950905d0981b202d412890a31", "ctime": "Wed, 17 Apr 2019 00:22:14 UTC", "utime": "Wed, 17 Apr 2019 00:23:21 UTC", "key": "ORDER210", "txData": {"txId": "2db3bd0480f9ea54d89db5e89d5e54bae0df14a950905d0981b202d412890a31", "fcn": "requestTransfer", "args": ["Retailer", "3"], "channelName": "mychannel", "chaincodeName": "beer-supplychain", "username": "client1", "orgName": "Org1"}, "data": {"State": "2", "count": "3", "ctime": "Wed, 17 Apr 2019 00:22:14 UTC", "owner": "Retailer", "utime": "Wed, 17 Apr 2019 00:23:21 UTC"}}