{"txId": "2dec51dd1079a5dea52faab1bdc5a77a8988ade48b13cc447cd8fd74623f726c", "ctime": "Wed, 17 Apr 2019 05:45:48 UTC", "utime": "Wed, 17 Apr 2019 05:48:04 UTC", "key": "ORDER297", "txData": {"txId": "2dec51dd1079a5dea52faab1bdc5a77a8988ade48b13cc447cd8fd74623f726c", "fcn": "acceptTransfer", "args": [], "channelName": "mychannel", "chaincodeName": "beer-supplychain", "username": "client1", "orgName": "Org1"}, "data": {"State": "3", "count": "10", "ctime": "Wed, 17 Apr 2019 05:45:48 UTC", "owner": "ShippingCompany", "utime": "Wed, 17 Apr 2019 05:48:04 UTC"}}