{"txId": "2e9de11fd0ee89650d9d66a119f1f6fe374c861206b087c5619f1d9edaf9c518", "ctime": "Wed, 17 Apr 2019 00:13:13 UTC", "utime": "Wed, 17 Apr 2019 00:13:27 UTC", "key": "ORDER206", "txData": {"txId": "2e9de11fd0ee89650d9d66a119f1f6fe374c861206b087c5619f1d9edaf9c518", "fcn": "requestTransfer", "args": ["ShippingCompany", "10"], "channelName": "mychannel", "chaincodeName": "beer-supplychain", "username": "client1", "orgName": "Org1"}, "data": {"State": "2", "count": "10", "ctime": "Wed, 17 Apr 2019 00:13:13 UTC", "owner": "ShippingCompany", "utime": "Wed, 17 Apr 2019 00:13:27 UTC"}}