{"txId": "2f32c7262fd518461cc34f8b883d513c13891182175e7e0361501cfb4f65a163", "ctime": "Wed, 17 Apr 2019 05:30:06 UTC", "utime": "Wed, 17 Apr 2019 05:30:26 UTC", "key": "ORDER292", "txData": {"txId": "2f32c7262fd518461cc34f8b883d513c13891182175e7e0361501cfb4f65a163", "fcn": "startTransfer", "args": ["Manufacturer", "10"], "channelName": "mychannel", "chaincodeName": "beer-supplychain", "username": "client1", "orgName": "Org1"}, "data": {"State": "2", "count": "10", "ctime": "Wed, 17 Apr 2019 05:30:06 UTC", "owner": "Manufacturer", "utime": "Wed, 17 Apr 2019 05:30:26 UTC"}}