{"txId": "307ae0827585eb234c5e2da93890be9a4698ba38642e1bfb81b6a1d0d0b6d42f", "ctime": "Wed, 17 Apr 2019 04:07:35 UTC", "utime": "Wed, 17 Apr 2019 04:08:53 UTC", "key": "ORDER259", "txData": {"txId": "307ae0827585eb234c5e2da93890be9a4698ba38642e1bfb81b6a1d0d0b6d42f", "fcn": "acceptTransfer", "args": [], "channelName": "mychannel", "chaincodeName": "beer-supplychain", "username": "client1", "orgName": "Org1"}, "data": {"State": "3", "count": "10", "ctime": "Wed, 17 Apr 2019 04:07:35 UTC", "owner": "ShippingCompany", "utime": "Wed, 17 Apr 2019 04:08:53 UTC"}}