{"txId": "3267acb2357abdce5c185278f5c0dc20efb78772390716b8f089f0445de70b2a", "ctime": "Wed, 17 Apr 2019 06:28:08 UTC", "utime": "Wed, 17 Apr 2019 06:28:08 UTC", "key": "ORDER306", "txData": {"txId": "3267acb2357abdce5c185278f5c0dc20efb78772390716b8f089f0445de70b2a", "fcn": "initLedger", "args": [], "channelName": "mychannel", "chaincodeName": "beer-supplychain", "username": "client1", "orgName": "Org1"}, "data": {"State": "1", "count": "0", "ctime": "Wed, 17 Apr 2019 06:28:08 UTC", "owner": "Genesis", "utime": "Wed, 17 Apr 2019 06:28:08 UTC"}}