{"txId": "32b2ce5ad9bc5aed816e98875fd122f9f21f2c8d7f9a412bc5182137f0f7979a", "ctime": "Wed, 17 Apr 2019 03:06:26 UTC", "utime": "Wed, 17 Apr 2019 03:06:29 UTC", "key": "ORDER247", "txData": {"txId": "32b2ce5ad9bc5aed816e98875fd122f9f21f2c8d7f9a412bc5182137f0f7979a", "fcn": "startTransfer", "args": ["Manufacturer", "10"], "channelName": "mychannel", "chaincodeName": "beer-supplychain", "username": "client1", "orgName": "Org1"}, "data": {"State": "2", "count": "10", "ctime": "Wed, 17 Apr 2019 03:06:26 UTC", "owner": "Manufacturer", "utime": "Wed, 17 Apr 2019 03:06:29 UTC"}}