{"txId": "32eab82dc108579645a02d18ed2d9340c59221496bf7912914da84a61f9d0748", "ctime": "Wed, 17 Apr 2019 16:38:21 UTC", "utime": "Wed, 17 Apr 2019 16:38:21 UTC", "key": "ORDER353", "txData": {"txId": "32eab82dc108579645a02d18ed2d9340c59221496bf7912914da84a61f9d0748", "fcn": "initLedger", "args": [], "channelName": "mychannel", "chaincodeName": "beer-supplychain", "username": "client1", "orgName": "org1"}, "data": {"State": "1", "count": "0", "ctime": "Wed, 17 Apr 2019 16:38:21 UTC", "owner": "Genesis", "utime": "Wed, 17 Apr 2019 16:38:21 UTC"}}