{"txId": "33f3ea0fe096ba40a8eca65770ebf0acb56a27b40fcb13347b56965cf4d1f743", "ctime": "Wed, 17 Apr 2019 02:25:08 UTC", "utime": "Wed, 17 Apr 2019 02:27:31 UTC", "key": "ORDER234", "txData": {"txId": "33f3ea0fe096ba40a8eca65770ebf0acb56a27b40fcb13347b56965cf4d1f743", "fcn": "requestTransfer", "args": ["ShippingCompany", "10"], "channelName": "mychannel", "chaincodeName": "beer-supplychain", "username": "client1", "orgName": "Org1"}, "data": {"State": "2", "count": "10", "ctime": "Wed, 17 Apr 2019 02:25:08 UTC", "owner": "ShippingCompany", "utime": "Wed, 17 Apr 2019 02:27:31 UTC"}}