{"txId": "359ccc31801b93d1c089632a3deb7ec8a0f084d0d445db24f25795558a95eccd", "ctime": "Wed, 17 Apr 2019 04:39:07 UTC", "utime": "Wed, 17 Apr 2019 04:39:07 UTC", "key": "ORDER270", "txData": {"txId": "359ccc31801b93d1c089632a3deb7ec8a0f084d0d445db24f25795558a95eccd", "fcn": "initLedger", "args": [], "channelName": "mychannel", "chaincodeName": "beer-supplychain", "username": "client1", "orgName": "Org1"}, "data": {"State": "1", "count": "0", "ctime": "Wed, 17 Apr 2019 04:39:07 UTC", "owner": "Genesis", "utime": "Wed, 17 Apr 2019 04:39:07 UTC"}}