{"txId": "35f7ce0390bf911be08b7bd7dd94f814c8e42bb03f66b75ce8b272f2749c3b91", "ctime": "Wed, 17 Apr 2019 08:44:10 UTC", "utime": "Wed, 17 Apr 2019 08:44:19 UTC", "key": "ORDER341", "txData": {"txId": "35f7ce0390bf911be08b7bd7dd94f814c8e42bb03f66b75ce8b272f2749c3b91", "fcn": "startTransfer", "args": ["Manufacturer", "10"], "channelName": "mychannel", "chaincodeName": "beer-supplychain", "username": "client1", "orgName": "Org1"}, "data": {"State": "2", "count": "10", "ctime": "Wed, 17 Apr 2019 08:44:10 UTC", "owner": "Manufacturer", "utime": "Wed, 17 Apr 2019 08:44:19 UTC"}}