{"txId": "368882b1716967e97c39dc457edd53f9ab3ce4393b7a55a0431d06bc8164e4df", "ctime": "Wed, 17 Apr 2019 04:50:07 UTC", "utime": "Wed, 17 Apr 2019 04:50:07 UTC", "key": "ORDER280", "txData": {"txId": "368882b1716967e97c39dc457edd53f9ab3ce4393b7a55a0431d06bc8164e4df", "fcn": "initLedger", "args": [], "channelName": "mychannel", "chaincodeName": "beer-supplychain", "username": "client1", "orgName": "Org1"}, "data": {"State": "1", "count": "0", "ctime": "Wed, 17 Apr 2019 04:50:07 UTC", "owner": "Genesis", "utime": "Wed, 17 Apr 2019 04:50:07 UTC"}}