{"txId": "36c5b6a8aeb1504028131894203d27b1d5f096482da7ea24e2f037d9e393c4ce", "ctime": "Wed, 17 Apr 2019 00:02:36 UTC", "utime": "Wed, 17 Apr 2019 00:02:36 UTC", "key": "ORDER201", "txData": {"txId": "36c5b6a8aeb1504028131894203d27b1d5f096482da7ea24e2f037d9e393c4ce", "fcn": "initLedger", "args": [], "channelName": "mychannel", "chaincodeName": "beer-supplychain", "username": "client1", "orgName": "Org1"}, "data": {"State": "1", "count": "0", "ctime": "Wed, 17 Apr 2019 00:02:36 UTC", "owner": "Genesis", "utime": "Wed, 17 Apr 2019 00:02:36 UTC"}}