{"txId": "3752f5f053d9f784593ce0b7acf5fad39894b1502850938d1eb2ecb137a83930", "ctime": "Wed, 17 Apr 2019 03:24:27 UTC", "utime": "Wed, 17 Apr 2019 03:25:28 UTC", "key": "ORDER252", "txData": {"txId": "3752f5f053d9f784593ce0b7acf5fad39894b1502850938d1eb2ecb137a83930", "fcn": "createOrder", "args": ["ORDER252", "5", "3", "Retailer"], "channelName": "mychannel", "chaincodeName": "beer-supplychain", "username": "client1", "orgName": "Org1"}, "data": {"State": "5", "count": "3", "ctime": "Wed, 17 Apr 2019 03:24:27 UTC", "owner": "Retailer", "utime": "Wed, 17 Apr 2019 03:25:28 UTC"}}