{"txId": "37753c59ce3358ad135b1704bbe65c242104d7915f79f76bafcb52da739c3886", "ctime": "Wed, 17 Apr 2019 04:53:28 UTC", "utime": "Wed, 17 Apr 2019 04:53:31 UTC", "key": "ORDER282", "txData": {"txId": "37753c59ce3358ad135b1704bbe65c242104d7915f79f76bafcb52da739c3886", "fcn": "startTransfer", "args": ["Manufacturer", "10"], "channelName": "mychannel", "chaincodeName": "beer-supplychain", "username": "client1", "orgName": "Org1"}, "data": {"State": "2", "count": "10", "ctime": "Wed, 17 Apr 2019 04:53:28 UTC", "owner": "Manufacturer", "utime": "Wed, 17 Apr 2019 04:53:31 UTC"}}