{"txId": "3adf703e9887d32fc38adabb189e3e9cadf351081706df6174d29236ce7420c6", "ctime": "Wed, 17 Apr 2019 03:14:20 UTC", "utime": "Wed, 17 Apr 2019 03:17:15 UTC", "key": "ORDER250", "txData": {"txId": "3adf703e9887d32fc38adabb189e3e9cadf351081706df6174d29236ce7420c6", "fcn": "requestTransfer", "args": ["ShippingCompany", "10"], "channelName": "mychannel", "chaincodeName": "beer-supplychain", "username": "client1", "orgName": "Org1"}, "data": {"State": "2", "count": "10", "ctime": "Wed, 17 Apr 2019 03:14:20 UTC", "owner": "ShippingCompany", "utime": "Wed, 17 Apr 2019 03:17:15 UTC"}}