{"txId": "3bfd03c09cae0d71d3ed1795ff5cff55bf365a4e10787d25bc063bbcc73b0842", "ctime": "Wed, 17 Apr 2019 00:14:48 UTC", "utime": "Wed, 17 Apr 2019 00:15:08 UTC", "key": "ORDER207", "txData": {"txId": "3bfd03c09cae0d71d3ed1795ff5cff55bf365a4e10787d25bc063bbcc73b0842", "fcn": "acceptTransfer", "args": [], "channelName": "mychannel", "chaincodeName": "beer-supplychain", "username": "client1", "orgName": "Org1"}, "data": {"State": "3", "count": "10", "ctime": "Wed, 17 Apr 2019 00:14:48 UTC", "owner": "Manufacturer", "utime": "Wed, 17 Apr 2019 00:15:08 UTC"}}