{"txId": "3d8290a67849cf3c6a558bbe7886587ad710e9eff961db96a225a6fa1457f981", "ctime": "Wed, 17 Apr 2019 07:17:37 UTC", "utime": "Wed, 17 Apr 2019 07:21:49 UTC", "key": "ORDER315", "txData": {"txId": "3d8290a67849cf3c6a558bbe7886587ad710e9eff961db96a225a6fa1457f981", "fcn": "requestTransfer", "args": ["Retailer", "3"], "channelName": "mychannel", "chaincodeName": "beer-supplychain", "username": "client1", "orgName": "Org1"}, "data": {"State": "2", "count": "3", "ctime": "Wed, 17 Apr 2019 07:17:37 UTC", "owner": "Retailer", "utime": "Wed, 17 Apr 2019 07:21:49 UTC"}}