{"txId": "3ec8c837ac4a5fdf36ecdb4b1e6112c8aee433f535290adc461d968eadcbf7ff", "ctime": "Wed, 17 Apr 2019 02:22:13 UTC", "utime": "Wed, 17 Apr 2019 02:22:32 UTC", "key": "ORDER231", "txData": {"txId": "3ec8c837ac4a5fdf36ecdb4b1e6112c8aee433f535290adc461d968eadcbf7ff", "fcn": "requestTransfer", "args": ["Retailer", "3"], "channelName": "mychannel", "chaincodeName": "beer-supplychain", "username": "client1", "orgName": "Org1"}, "data": {"State": "2", "count": "3", "ctime": "Wed, 17 Apr 2019 02:22:13 UTC", "owner": "Retailer", "utime": "Wed, 17 Apr 2019 02:22:32 UTC"}}