{"txId": "3f35fb70124125a56ff05fdf5e7cf696ec0a9be783ec064f47511740e6d029fd", "ctime": "Wed, 17 Apr 2019 08:04:23 UTC", "utime": "Wed, 17 Apr 2019 08:04:26 UTC", "key": "ORDER322", "txData": {"txId": "3f35fb70124125a56ff05fdf5e7cf696ec0a9be783ec064f47511740e6d029fd", "fcn": "startTransfer", "args": ["Manufacturer", "10"], "channelName": "mychannel", "chaincodeName": "beer-supplychain", "username": "client1", "orgName": "Org1"}, "data": {"State": "2", "count": "10", "ctime": "Wed, 17 Apr 2019 08:04:23 UTC", "owner": "Manufacturer", "utime": "Wed, 17 Apr 2019 08:04:26 UTC"}}