{"txId": "3ffb211ffd20b5f975d26313c5348ef2984c06683743380ce120165e8b6c8115", "ctime": "Wed, 17 Apr 2019 06:28:11 UTC", "utime": "Wed, 17 Apr 2019 06:28:11 UTC", "key": "ORDER306", "txData": {"txId": "3ffb211ffd20b5f975d26313c5348ef2984c06683743380ce120165e8b6c8115", "fcn": "initLedger", "args": [], "channelName": "mychannel", "chaincodeName": "beer-supplychain", "username": "client1", "orgName": "Org1"}, "data": {"State": "1", "count": "0", "ctime": "Wed, 17 Apr 2019 06:28:11 UTC", "owner": "Genesis", "utime": "Wed, 17 Apr 2019 06:28:11 UTC"}}