{"txId": "409e7301a07612eb51e797f246067b09ec1c61299698e6048c11646166d09a96", "ctime": "Wed, 17 Apr 2019 02:39:37 UTC", "utime": "Wed, 17 Apr 2019 02:41:24 UTC", "key": "ORDER236", "txData": {"txId": "409e7301a07612eb51e797f246067b09ec1c61299698e6048c11646166d09a96", "fcn": "acceptTransfer", "args": [], "channelName": "mychannel", "chaincodeName": "beer-supplychain", "username": "client1", "orgName": "Org1"}, "data": {"State": "3", "count": "10", "ctime": "Wed, 17 Apr 2019 02:39:37 UTC", "owner": "Manufacturer", "utime": "Wed, 17 Apr 2019 02:41:24 UTC"}}