{"txId": "4177e1e69a9f47fcdae66043affb243a0c0894ea3c7ef08c82d3cd12b003224c", "ctime": "Wed, 17 Apr 2019 06:16:42 UTC", "utime": "Wed, 17 Apr 2019 06:19:26 UTC", "key": "ORDER304", "txData": {"txId": "4177e1e69a9f47fcdae66043affb243a0c0894ea3c7ef08c82d3cd12b003224c", "fcn": "acceptTransfer", "args": [], "channelName": "mychannel", "chaincodeName": "beer-supplychain", "username": "client1", "orgName": "Org1"}, "data": {"State": "3", "count": "3", "ctime": "Wed, 17 Apr 2019 06:16:42 UTC", "owner": "Retailer", "utime": "Wed, 17 Apr 2019 06:19:26 UTC"}}