{"txId": "41b4f9facc1111aaa849b17a6004a2a2ded39df7d92f0ba884801eb122b3ffe7", "ctime": "Wed, 17 Apr 2019 04:23:30 UTC", "utime": "Wed, 17 Apr 2019 04:23:30 UTC", "key": "ORDER261", "txData": {"txId": "41b4f9facc1111aaa849b17a6004a2a2ded39df7d92f0ba884801eb122b3ffe7", "fcn": "initLedger", "args": [], "channelName": "mychannel", "chaincodeName": "beer-supplychain", "username": "client1", "orgName": "Org1"}, "data": {"State": "1", "count": "0", "ctime": "Wed, 17 Apr 2019 04:23:30 UTC", "owner": "Genesis", "utime": "Wed, 17 Apr 2019 04:23:30 UTC"}}