{"txId": "45524a22df06726b12d53239c07b63cf057583b947784b115dd14c4d82108b8f", "ctime": "Wed, 17 Apr 2019 03:04:46 UTC", "utime": "Wed, 17 Apr 2019 03:04:46 UTC", "key": "ORDER239", "txData": {"txId": "45524a22df06726b12d53239c07b63cf057583b947784b115dd14c4d82108b8f", "fcn": "initLedger", "args": [], "channelName": "mychannel", "chaincodeName": "beer-supplychain", "username": "client1", "orgName": "Org1"}, "data": {"State": "1", "count": "0", "ctime": "Wed, 17 Apr 2019 03:04:46 UTC", "owner": "Genesis", "utime": "Wed, 17 Apr 2019 03:04:46 UTC"}}