{"txId": "45da48a84fb49dd0dfa0e0274745e457ba1caf59e2883d99267a0b718dc489a2", "ctime": "Wed, 17 Apr 2019 06:56:38 UTC", "utime": "Wed, 17 Apr 2019 07:09:06 UTC", "key": "ORDER311", "txData": {"txId": "45da48a84fb49dd0dfa0e0274745e457ba1caf59e2883d99267a0b718dc489a2", "fcn": "requestTransfer", "args": ["ShippingCompany", "10"], "channelName": "mychannel", "chaincodeName": "beer-supplychain", "username": "client1", "orgName": "Org1"}, "data": {"State": "2", "count": "10", "ctime": "Wed, 17 Apr 2019 06:56:38 UTC", "owner": "ShippingCompany", "utime": "Wed, 17 Apr 2019 07:09:06 UTC"}}