{"txId": "46df043f85f3ceb406160a38bb1ebf67c055f79f6b17fb90a8cc41badecc3dd9", "ctime": "Wed, 17 Apr 2019 03:06:54 UTC", "utime": "Wed, 17 Apr 2019 03:07:08 UTC", "key": "ORDER248", "txData": {"txId": "46df043f85f3ceb406160a38bb1ebf67c055f79f6b17fb90a8cc41badecc3dd9", "fcn": "requestTransfer", "args": ["ShippingCompany", "10"], "channelName": "mychannel", "chaincodeName": "beer-supplychain", "username": "client1", "orgName": "Org1"}, "data": {"State": "2", "count": "10", "ctime": "Wed, 17 Apr 2019 03:06:54 UTC", "owner": "ShippingCompany", "utime": "Wed, 17 Apr 2019 03:07:08 UTC"}}