{"txId": "47c01abcbb514bc4d04364417f69ad0558b411393b315bab3a5eb366ce5e95a6", "ctime": "Wed, 17 Apr 2019 05:31:07 UTC", "utime": "Wed, 17 Apr 2019 05:31:21 UTC", "key": "ORDER294", "txData": {"txId": "47c01abcbb514bc4d04364417f69ad0558b411393b315bab3a5eb366ce5e95a6", "fcn": "startTransfer", "args": ["Manufacturer", "10"], "channelName": "mychannel", "chaincodeName": "beer-supplychain", "username": "client1", "orgName": "Org1"}, "data": {"State": "2", "count": "10", "ctime": "Wed, 17 Apr 2019 05:31:07 UTC", "owner": "Manufacturer", "utime": "Wed, 17 Apr 2019 05:31:21 UTC"}}