{"txId": "47c1d8a3c98a515e0ce8989e36919f2ad45ea158306e425241751eaa00006f18", "ctime": "Wed, 17 Apr 2019 02:48:03 UTC", "utime": "Wed, 17 Apr 2019 02:48:03 UTC", "key": "ORDER236", "txData": {"txId": "47c1d8a3c98a515e0ce8989e36919f2ad45ea158306e425241751eaa00006f18", "fcn": "initLedger", "args": [], "channelName": "mychannel", "chaincodeName": "beer-supplychain", "username": "client1", "orgName": "Org1"}, "data": {"State": "1", "count": "0", "ctime": "Wed, 17 Apr 2019 02:48:03 UTC", "owner": "Genesis", "utime": "Wed, 17 Apr 2019 02:48:03 UTC"}}