{"txId": "48ccb3dd61e30a097101194f55d3ce426edf58edececed102b9ccb6d7132303b", "ctime": "Wed, 17 Apr 2019 05:51:02 UTC", "utime": "Wed, 17 Apr 2019 05:52:49 UTC", "key": "ORDER301", "txData": {"txId": "48ccb3dd61e30a097101194f55d3ce426edf58edececed102b9ccb6d7132303b", "fcn": "createOrder", "args": ["ORDER301", "4", "10", "ShippingCompany"], "channelName": "mychannel", "chaincodeName": "beer-supplychain", "username": "client1", "orgName": "Org1"}, "data": {"State": "4", "count": "10", "ctime": "Wed, 17 Apr 2019 05:51:02 UTC", "owner": "ShippingCompany", "utime": "Wed, 17 Apr 2019 05:52:49 UTC"}}