{"txId": "49a6622df4678bbc2352310e7dd02ee8b02f6281f62e95a8dabeeafdff494a0b", "ctime": "Wed, 17 Apr 2019 03:21:09 UTC", "utime": "Wed, 17 Apr 2019 03:21:12 UTC", "key": "ORDER251", "txData": {"txId": "49a6622df4678bbc2352310e7dd02ee8b02f6281f62e95a8dabeeafdff494a0b", "fcn": "startTransfer", "args": ["Manufacturer", "10"], "channelName": "mychannel", "chaincodeName": "beer-supplychain", "username": "client1", "orgName": "Org1"}, "data": {"State": "2", "count": "10", "ctime": "Wed, 17 Apr 2019 03:21:09 UTC", "owner": "Manufacturer", "utime": "Wed, 17 Apr 2019 03:21:12 UTC"}}