{"txId": "4d0743b0ff4e9632835fd1ce6515b41e0b1658e05705c28c16bf910fad64ead7", "ctime": "Wed, 17 Apr 2019 04:03:00 UTC", "utime": "Wed, 17 Apr 2019 04:05:01 UTC", "key": "ORDER257", "txData": {"txId": "4d0743b0ff4e9632835fd1ce6515b41e0b1658e05705c28c16bf910fad64ead7", "fcn": "requestTransfer", "args": ["ShippingCompany", "10"], "channelName": "mychannel", "chaincodeName": "beer-supplychain", "username": "client1", "orgName": "Org1"}, "data": {"State": "2", "count": "10", "ctime": "Wed, 17 Apr 2019 04:03:00 UTC", "owner": "ShippingCompany", "utime": "Wed, 17 Apr 2019 04:05:01 UTC"}}