{"txId": "4ef2c8c8511ea660e984c4f4fedd9612be8d3cbf21017a403e56231d660bf53d", "ctime": "Wed, 17 Apr 2019 05:50:55 UTC", "utime": "Wed, 17 Apr 2019 05:50:58 UTC", "key": "ORDER300", "txData": {"txId": "4ef2c8c8511ea660e984c4f4fedd9612be8d3cbf21017a403e56231d660bf53d", "fcn": "startTransfer", "args": ["Manufacturer", "10"], "channelName": "mychannel", "chaincodeName": "beer-supplychain", "username": "client1", "orgName": "Org1"}, "data": {"State": "2", "count": "10", "ctime": "Wed, 17 Apr 2019 05:50:55 UTC", "owner": "Manufacturer", "utime": "Wed, 17 Apr 2019 05:50:58 UTC"}}