{"txId": "4f8cde1d33f62c913eb01aab018897d8e2754df30cec953a670313ad588f9165", "ctime": "Wed, 17 Apr 2019 06:16:42 UTC", "utime": "Wed, 17 Apr 2019 06:18:34 UTC", "key": "ORDER304", "txData": {"txId": "4f8cde1d33f62c913eb01aab018897d8e2754df30cec953a670313ad588f9165", "fcn": "acceptTransfer", "args": [], "channelName": "mychannel", "chaincodeName": "beer-supplychain", "username": "client1", "orgName": "Org1"}, "data": {"State": "3", "count": "10", "ctime": "Wed, 17 Apr 2019 06:16:42 UTC", "owner": "Manufacturer", "utime": "Wed, 17 Apr 2019 06:18:34 UTC"}}