{"txId": "54bdc475ced4f5f540f0d0eeefa202ea0449aa9158770058efff0ee4b4f2796f", "ctime": "Wed, 17 Apr 2019 02:17:05 UTC", "utime": "Wed, 17 Apr 2019 02:18:43 UTC", "key": "ORDER230", "txData": {"txId": "54bdc475ced4f5f540f0d0eeefa202ea0449aa9158770058efff0ee4b4f2796f", "fcn": "startTransfer", "args": ["Manufacturer", "10"], "channelName": "mychannel", "chaincodeName": "beer-supplychain", "username": "client1", "orgName": "Org1"}, "data": {"State": "2", "count": "10", "ctime": "Wed, 17 Apr 2019 02:17:05 UTC", "owner": "Manufacturer", "utime": "Wed, 17 Apr 2019 02:18:43 UTC"}}