{"txId": "567d5b268c62ff6506a142dbb0eaec31f9d906b7012273de34fac18d5e5a3bdd", "ctime": "Wed, 17 Apr 2019 16:06:53 UTC", "utime": "Wed, 17 Apr 2019 16:06:53 UTC", "key": "ORDER350", "txData": {"txId": "567d5b268c62ff6506a142dbb0eaec31f9d906b7012273de34fac18d5e5a3bdd", "fcn": "initLedger", "args": [], "channelName": "mychannel", "chaincodeName": "beer-supplychain", "username": "client1", "orgName": "org1"}, "data": {"State": "1", "count": "0", "ctime": "Wed, 17 Apr 2019 16:06:53 UTC", "owner": "Genesis", "utime": "Wed, 17 Apr 2019 16:06:53 UTC"}}