{"txId": "56dd5cb94e4ac84e24360f7fda5635937864e342b072bab4bf6d170c284d3e33", "ctime": "Wed, 17 Apr 2019 04:49:08 UTC", "utime": "Wed, 17 Apr 2019 04:49:35 UTC", "key": "ORDER279", "txData": {"txId": "56dd5cb94e4ac84e24360f7fda5635937864e342b072bab4bf6d170c284d3e33", "fcn": "startTransfer", "args": ["Manufacturer", "10"], "channelName": "mychannel", "chaincodeName": "beer-supplychain", "username": "client1", "orgName": "Org1"}, "data": {"State": "2", "count": "10", "ctime": "Wed, 17 Apr 2019 04:49:08 UTC", "owner": "Manufacturer", "utime": "Wed, 17 Apr 2019 04:49:35 UTC"}}