{"txId": "57544bf465ca386fe223ae436ae0674098c6141ec98ae345c5b2b81403a963b7", "ctime": "Wed, 17 Apr 2019 08:49:08 UTC", "utime": "Wed, 17 Apr 2019 08:49:08 UTC", "key": "ORDER343", "txData": {"txId": "57544bf465ca386fe223ae436ae0674098c6141ec98ae345c5b2b81403a963b7", "fcn": "initLedger", "args": [], "channelName": "mychannel", "chaincodeName": "beer-supplychain", "username": "client1", "orgName": "Org1"}, "data": {"State": "1", "count": "0", "ctime": "Wed, 17 Apr 2019 08:49:08 UTC", "owner": "Genesis", "utime": "Wed, 17 Apr 2019 08:49:08 UTC"}}