{"txId": "57a691b7c1cf794297d483de01f88459d944aa44809c3e7ff1aef6c111093cb2", "ctime": "Wed, 17 Apr 2019 00:26:37 UTC", "utime": "Wed, 17 Apr 2019 00:27:17 UTC", "key": "ORDER213", "txData": {"txId": "57a691b7c1cf794297d483de01f88459d944aa44809c3e7ff1aef6c111093cb2", "fcn": "requestTransfer", "args": ["ShippingCompany", "10"], "channelName": "mychannel", "chaincodeName": "beer-supplychain", "username": "client1", "orgName": "Org1"}, "data": {"State": "2", "count": "10", "ctime": "Wed, 17 Apr 2019 00:26:37 UTC", "owner": "ShippingCompany", "utime": "Wed, 17 Apr 2019 00:27:17 UTC"}}