{"txId": "57a982f43d923e8a36f5d45d6416731e45e07d702be64dc760e79826533e428d", "ctime": "Wed, 17 Apr 2019 04:42:05 UTC", "utime": "Wed, 17 Apr 2019 04:42:05 UTC", "key": "ORDER275", "txData": {"txId": "57a982f43d923e8a36f5d45d6416731e45e07d702be64dc760e79826533e428d", "fcn": "initLedger", "args": [], "channelName": "mychannel", "chaincodeName": "beer-supplychain", "username": "client1", "orgName": "Org1"}, "data": {"State": "1", "count": "0", "ctime": "Wed, 17 Apr 2019 04:42:05 UTC", "owner": "Genesis", "utime": "Wed, 17 Apr 2019 04:42:05 UTC"}}