{"txId": "58afd3e7ab52b1ba245c91c29639b4f9bc13e17805e6d8fa3bf2ce9cfaa86f55", "ctime": "Wed, 17 Apr 2019 02:39:37 UTC", "utime": "Wed, 17 Apr 2019 02:42:32 UTC", "key": "ORDER236", "txData": {"txId": "58afd3e7ab52b1ba245c91c29639b4f9bc13e17805e6d8fa3bf2ce9cfaa86f55", "fcn": "createOrder", "args": ["ORDER236", "4", "10", "Retailer"], "channelName": "mychannel", "chaincodeName": "beer-supplychain", "username": "client1", "orgName": "Org1"}, "data": {"State": "4", "count": "10", "ctime": "Wed, 17 Apr 2019 02:39:37 UTC", "owner": "Retailer", "utime": "Wed, 17 Apr 2019 02:42:32 UTC"}}