{"txId": "58c91b18466a766d0e9c6b3ebe0cde4ffd36478cabbd727e7d6c6c35b708df98", "ctime": "Wed, 17 Apr 2019 16:32:48 UTC", "utime": "Wed, 17 Apr 2019 16:32:48 UTC", "key": "ORDER353", "txData": {"txId": "58c91b18466a766d0e9c6b3ebe0cde4ffd36478cabbd727e7d6c6c35b708df98", "fcn": "initLedger", "args": [], "channelName": "mychannel", "chaincodeName": "beer-supplychain", "username": "client1", "orgName": "org1"}, "data": {"State": "1", "count": "0", "ctime": "Wed, 17 Apr 2019 16:32:48 UTC", "owner": "Genesis", "utime": "Wed, 17 Apr 2019 16:32:48 UTC"}}