{"txId": "59527f4b1e5b03a0ca54b3c72f93d9cdca4eb24821d3dab4905700da0e9c827e", "ctime": "Wed, 17 Apr 2019 06:50:10 UTC", "utime": "Wed, 17 Apr 2019 06:52:49 UTC", "key": "ORDER310", "txData": {"txId": "59527f4b1e5b03a0ca54b3c72f93d9cdca4eb24821d3dab4905700da0e9c827e", "fcn": "startTransfer", "args": ["Manufacturer", "10"], "channelName": "mychannel", "chaincodeName": "beer-supplychain", "username": "client1", "orgName": "Org1"}, "data": {"State": "2", "count": "10", "ctime": "Wed, 17 Apr 2019 06:50:10 UTC", "owner": "Manufacturer", "utime": "Wed, 17 Apr 2019 06:52:49 UTC"}}