{"txId": "5a940e059e6a248c672b6bfd2c1051c816ab20d935c41110e10e5a9d2de12a9f", "ctime": "Wed, 17 Apr 2019 08:51:56 UTC", "utime": "Wed, 17 Apr 2019 08:51:56 UTC", "key": "ORDER344", "txData": {"txId": "5a940e059e6a248c672b6bfd2c1051c816ab20d935c41110e10e5a9d2de12a9f", "fcn": "initLedger", "args": [], "channelName": "mychannel", "chaincodeName": "beer-supplychain", "username": "client1", "orgName": "Org1"}, "data": {"State": "1", "count": "0", "ctime": "Wed, 17 Apr 2019 08:51:56 UTC", "owner": "Genesis", "utime": "Wed, 17 Apr 2019 08:51:56 UTC"}}