{"txId": "5bb70e124fdb9f68aa275c582e93d43a3e5f8b8daafd6e278c17edeaa70f2882", "ctime": "Wed, 17 Apr 2019 04:32:00 UTC", "utime": "Wed, 17 Apr 2019 04:33:14 UTC", "key": "ORDER269", "txData": {"txId": "5bb70e124fdb9f68aa275c582e93d43a3e5f8b8daafd6e278c17edeaa70f2882", "fcn": "acceptTransfer", "args": [], "channelName": "mychannel", "chaincodeName": "beer-supplychain", "username": "client1", "orgName": "Org1"}, "data": {"State": "3", "count": "10", "ctime": "Wed, 17 Apr 2019 04:32:00 UTC", "owner": "Retailer", "utime": "Wed, 17 Apr 2019 04:33:14 UTC"}}