{"txId": "5bbe609bb2cf7afd06c0378f40dd2cfe7b573663e11f5f8b4baa9637a01a26b0", "ctime": "Wed, 17 Apr 2019 03:24:27 UTC", "utime": "Wed, 17 Apr 2019 03:24:27 UTC", "key": "ORDER251", "txData": {"txId": "5bbe609bb2cf7afd06c0378f40dd2cfe7b573663e11f5f8b4baa9637a01a26b0", "fcn": "initLedger", "args": [], "channelName": "mychannel", "chaincodeName": "beer-supplychain", "username": "client1", "orgName": "Org1"}, "data": {"State": "1", "count": "0", "ctime": "Wed, 17 Apr 2019 03:24:27 UTC", "owner": "Genesis", "utime": "Wed, 17 Apr 2019 03:24:27 UTC"}}