{"txId": "5f449625a1fb7de6e2e66c3d1f4620bfe47457d45cf9416f88ccd644a1849731", "ctime": "Wed, 17 Apr 2019 00:13:13 UTC", "utime": "Wed, 17 Apr 2019 00:14:09 UTC", "key": "ORDER206", "txData": {"txId": "5f449625a1fb7de6e2e66c3d1f4620bfe47457d45cf9416f88ccd644a1849731", "fcn": "requestTransfer", "args": ["Retailer", "3"], "channelName": "mychannel", "chaincodeName": "beer-supplychain", "username": "client1", "orgName": "Org1"}, "data": {"State": "2", "count": "3", "ctime": "Wed, 17 Apr 2019 00:13:13 UTC", "owner": "Retailer", "utime": "Wed, 17 Apr 2019 00:14:09 UTC"}}