{"txId": "61d39a37dd42f8e05aadbe2b67d4ed01eb6587164f2043fee0c0bd82735dc1c1", "ctime": "Wed, 17 Apr 2019 06:28:23 UTC", "utime": "Wed, 17 Apr 2019 06:30:23 UTC", "key": "ORDER308", "txData": {"txId": "61d39a37dd42f8e05aadbe2b67d4ed01eb6587164f2043fee0c0bd82735dc1c1", "fcn": "acceptTransfer", "args": [], "channelName": "mychannel", "chaincodeName": "beer-supplychain", "username": "client1", "orgName": "Org1"}, "data": {"State": "3", "count": "10", "ctime": "Wed, 17 Apr 2019 06:28:23 UTC", "owner": "Manufacturer", "utime": "Wed, 17 Apr 2019 06:30:23 UTC"}}