{"txId": "6410f77fcb18b11724a5a68c7dca78438df55274cf143027390d01dd986e7578", "ctime": "Wed, 17 Apr 2019 02:51:45 UTC", "utime": "Wed, 17 Apr 2019 02:53:40 UTC", "key": "ORDER238", "txData": {"txId": "6410f77fcb18b11724a5a68c7dca78438df55274cf143027390d01dd986e7578", "fcn": "createOrder", "args": ["ORDER238", "4", "10", "Manufacturer"], "channelName": "mychannel", "chaincodeName": "beer-supplychain", "username": "client1", "orgName": "Org1"}, "data": {"State": "4", "count": "10", "ctime": "Wed, 17 Apr 2019 02:51:45 UTC", "owner": "Manufacturer", "utime": "Wed, 17 Apr 2019 02:53:40 UTC"}}