{"txId": "67c43f1532cb80c18c68a071acc874ddff4d093e2b1d3df3fb8b86ff00c63413", "ctime": "Wed, 17 Apr 2019 06:38:55 UTC", "utime": "Wed, 17 Apr 2019 06:42:51 UTC", "key": "ORDER309", "txData": {"txId": "67c43f1532cb80c18c68a071acc874ddff4d093e2b1d3df3fb8b86ff00c63413", "fcn": "requestTransfer", "args": ["Retailer", "3"], "channelName": "mychannel", "chaincodeName": "beer-supplychain", "username": "client1", "orgName": "Org1"}, "data": {"State": "2", "count": "3", "ctime": "Wed, 17 Apr 2019 06:38:55 UTC", "owner": "Retailer", "utime": "Wed, 17 Apr 2019 06:42:51 UTC"}}