{"txId": "67f8867e3e87a927abe041726ab53c78d41ad45c1986653a9e0cdf7fe35773c8", "ctime": "Wed, 17 Apr 2019 09:11:49 UTC", "utime": "Wed, 17 Apr 2019 09:13:11 UTC", "key": "ORDER349", "txData": {"txId": "67f8867e3e87a927abe041726ab53c78d41ad45c1986653a9e0cdf7fe35773c8", "fcn": "createOrder", "args": ["ORDER349", "5", "3", "Retailer"], "channelName": "mychannel", "chaincodeName": "beer-supplychain", "username": "client1", "orgName": "Org1"}, "data": {"State": "5", "count": "3", "ctime": "Wed, 17 Apr 2019 09:11:49 UTC", "owner": "Retailer", "utime": "Wed, 17 Apr 2019 09:13:11 UTC"}}