{"txId": "69349e8862b2bec10ecaea0d798c3ed36f9cd804b4e9cd6107dd3f26566c67a7", "ctime": "Wed, 17 Apr 2019 08:45:39 UTC", "utime": "Wed, 17 Apr 2019 08:47:43 UTC", "key": "ORDER343", "txData": {"txId": "69349e8862b2bec10ecaea0d798c3ed36f9cd804b4e9cd6107dd3f26566c67a7", "fcn": "requestTransfer", "args": ["ShippingCompany", "10"], "channelName": "mychannel", "chaincodeName": "beer-supplychain", "username": "client1", "orgName": "Org1"}, "data": {"State": "2", "count": "10", "ctime": "Wed, 17 Apr 2019 08:45:39 UTC", "owner": "ShippingCompany", "utime": "Wed, 17 Apr 2019 08:47:43 UTC"}}