{"txId": "6f4181b3587b19c4fbbfd13ff1f50a08fbdb9e135c71383194340f614c899e3f", "ctime": "Wed, 17 Apr 2019 04:19:22 UTC", "utime": "Wed, 17 Apr 2019 04:19:22 UTC", "key": "ORDER259", "txData": {"txId": "6f4181b3587b19c4fbbfd13ff1f50a08fbdb9e135c71383194340f614c899e3f", "fcn": "initLedger", "args": [], "channelName": "mychannel", "chaincodeName": "beer-supplychain", "username": "client1", "orgName": "Org1"}, "data": {"State": "1", "count": "0", "ctime": "Wed, 17 Apr 2019 04:19:22 UTC", "owner": "Genesis", "utime": "Wed, 17 Apr 2019 04:19:22 UTC"}}