{"txId": "7057ba1a8ec6830d8f1680f4f513c930a3a3b642acc356759b2b73d4f08c986f", "ctime": "Wed, 17 Apr 2019 08:06:52 UTC", "utime": "Wed, 17 Apr 2019 08:07:25 UTC", "key": "ORDER333", "txData": {"txId": "7057ba1a8ec6830d8f1680f4f513c930a3a3b642acc356759b2b73d4f08c986f", "fcn": "acceptTransfer", "args": [], "channelName": "mychannel", "chaincodeName": "beer-supplychain", "username": "client1", "orgName": "Org1"}, "data": {"State": "3", "count": "10", "ctime": "Wed, 17 Apr 2019 08:06:52 UTC", "owner": "Manufacturer", "utime": "Wed, 17 Apr 2019 08:07:25 UTC"}}