{"txId": "711834e851f8f78266e0400c4117eb1f6e9bd9a37cc31d15b5af91223cecf148", "ctime": "Wed, 17 Apr 2019 03:29:59 UTC", "utime": "Wed, 17 Apr 2019 03:30:28 UTC", "key": "ORDER256", "txData": {"txId": "711834e851f8f78266e0400c4117eb1f6e9bd9a37cc31d15b5af91223cecf148", "fcn": "acceptTransfer", "args": [], "channelName": "mychannel", "chaincodeName": "beer-supplychain", "username": "client1", "orgName": "Org1"}, "data": {"State": "3", "count": "10", "ctime": "Wed, 17 Apr 2019 03:29:59 UTC", "owner": "Manufacturer", "utime": "Wed, 17 Apr 2019 03:30:28 UTC"}}