{"txId": "7330c0f985c1fdc81188fc62c001448c1f5812bc1d42bec3ebe3d519200ec4c4", "ctime": "Wed, 17 Apr 2019 06:05:28 UTC", "utime": "Wed, 17 Apr 2019 06:07:18 UTC", "key": "ORDER303", "txData": {"txId": "7330c0f985c1fdc81188fc62c001448c1f5812bc1d42bec3ebe3d519200ec4c4", "fcn": "createOrder", "args": ["ORDER303", "4", "10", "Retailer"], "channelName": "mychannel", "chaincodeName": "beer-supplychain", "username": "client1", "orgName": "Org1"}, "data": {"State": "4", "count": "10", "ctime": "Wed, 17 Apr 2019 06:05:28 UTC", "owner": "Retailer", "utime": "Wed, 17 Apr 2019 06:07:18 UTC"}}