{"txId": "73740af233e4ffe66ef1bfc4c07a027fa278e734fe245970eea72393be4ac907", "ctime": "Wed, 17 Apr 2019 08:51:56 UTC", "utime": "Wed, 17 Apr 2019 08:53:05 UTC", "key": "ORDER345", "txData": {"txId": "73740af233e4ffe66ef1bfc4c07a027fa278e734fe245970eea72393be4ac907", "fcn": "startTransfer", "args": ["Manufacturer", "10"], "channelName": "mychannel", "chaincodeName": "beer-supplychain", "username": "client1", "orgName": "Org1"}, "data": {"State": "2", "count": "10", "ctime": "Wed, 17 Apr 2019 08:51:56 UTC", "owner": "Manufacturer", "utime": "Wed, 17 Apr 2019 08:53:05 UTC"}}