{"txId": "745cdf5fcedf13566d7345ed71f9427e1f2f58d03e313ce8e2d9025c1cc7c2b5", "ctime": "Wed, 17 Apr 2019 06:16:42 UTC", "utime": "Wed, 17 Apr 2019 06:18:38 UTC", "key": "ORDER304", "txData": {"txId": "745cdf5fcedf13566d7345ed71f9427e1f2f58d03e313ce8e2d9025c1cc7c2b5", "fcn": "requestTransfer", "args": ["ShippingCompany", "10"], "channelName": "mychannel", "chaincodeName": "beer-supplychain", "username": "client1", "orgName": "Org1"}, "data": {"State": "2", "count": "10", "ctime": "Wed, 17 Apr 2019 06:16:42 UTC", "owner": "ShippingCompany", "utime": "Wed, 17 Apr 2019 06:18:38 UTC"}}