{"txId": "746a511360488286e626758b9dbc00722be20d596db7953570822812167f8bae", "ctime": "Wed, 17 Apr 2019 08:43:51 UTC", "utime": "Wed, 17 Apr 2019 08:43:58 UTC", "key": "ORDER340", "txData": {"txId": "746a511360488286e626758b9dbc00722be20d596db7953570822812167f8bae", "fcn": "startTransfer", "args": ["Manufacturer", "10"], "channelName": "mychannel", "chaincodeName": "beer-supplychain", "username": "client1", "orgName": "Org1"}, "data": {"State": "2", "count": "10", "ctime": "Wed, 17 Apr 2019 08:43:51 UTC", "owner": "Manufacturer", "utime": "Wed, 17 Apr 2019 08:43:58 UTC"}}