{"txId": "746a1196ab39131c508c07fc7b5763004ee2d43ee33a58f08b497f4c44b1be4f", "ctime": "Wed, 17 Apr 2019 06:50:10 UTC", "utime": "Wed, 17 Apr 2019 06:50:10 UTC", "key": "ORDER309", "txData": {"txId": "746a1196ab39131c508c07fc7b5763004ee2d43ee33a58f08b497f4c44b1be4f", "fcn": "initLedger", "args": [], "channelName": "mychannel", "chaincodeName": "beer-supplychain", "username": "client1", "orgName": "Org1"}, "data": {"State": "1", "count": "0", "ctime": "Wed, 17 Apr 2019 06:50:10 UTC", "owner": "Genesis", "utime": "Wed, 17 Apr 2019 06:50:10 UTC"}}