{"txId": "76ec514b23c9fb7a1e09ac035db9eb66e9e94d9b0aba82deb5360d32386b9523", "ctime": "Wed, 17 Apr 2019 03:06:54 UTC", "utime": "Wed, 17 Apr 2019 03:08:19 UTC", "key": "ORDER248", "txData": {"txId": "76ec514b23c9fb7a1e09ac035db9eb66e9e94d9b0aba82deb5360d32386b9523", "fcn": "createOrder", "args": ["ORDER248", "5", "3", "Retailer"], "channelName": "mychannel", "chaincodeName": "beer-supplychain", "username": "client1", "orgName": "Org1"}, "data": {"State": "5", "count": "3", "ctime": "Wed, 17 Apr 2019 03:06:54 UTC", "owner": "Retailer", "utime": "Wed, 17 Apr 2019 03:08:19 UTC"}}