{"txId": "7792bcc4e8e4dc2b5d728afbc90d45cc2cd49bfba7c5bb2754d5757f393fcbfb", "ctime": "Wed, 17 Apr 2019 09:11:49 UTC", "utime": "Wed, 17 Apr 2019 09:11:49 UTC", "key": "ORDER348", "txData": {"txId": "7792bcc4e8e4dc2b5d728afbc90d45cc2cd49bfba7c5bb2754d5757f393fcbfb", "fcn": "initLedger", "args": [], "channelName": "mychannel", "chaincodeName": "beer-supplychain", "username": "client1", "orgName": "Org1"}, "data": {"State": "1", "count": "0", "ctime": "Wed, 17 Apr 2019 09:11:49 UTC", "owner": "Genesis", "utime": "Wed, 17 Apr 2019 09:11:49 UTC"}}