{"txId": "78e72489c27c5428cf05feaa82fd4a2c64f17797c1a5685c3de0851125eefd02", "ctime": "Wed, 17 Apr 2019 00:22:14 UTC", "utime": "Wed, 17 Apr 2019 00:23:33 UTC", "key": "ORDER210", "txData": {"txId": "78e72489c27c5428cf05feaa82fd4a2c64f17797c1a5685c3de0851125eefd02", "fcn": "acceptTransfer", "args": [], "channelName": "mychannel", "chaincodeName": "beer-supplychain", "username": "client1", "orgName": "Org1"}, "data": {"State": "3", "count": "3", "ctime": "Wed, 17 Apr 2019 00:22:14 UTC", "owner": "Retailer", "utime": "Wed, 17 Apr 2019 00:23:33 UTC"}}