{"txId": "791e174571c096b554bb14c2e35d13daf5d660b686833aa81d7fd68207145d75", "ctime": "Wed, 17 Apr 2019 06:27:32 UTC", "utime": "Wed, 17 Apr 2019 06:27:32 UTC", "key": "ORDER305", "txData": {"txId": "791e174571c096b554bb14c2e35d13daf5d660b686833aa81d7fd68207145d75", "fcn": "initLedger", "args": [], "channelName": "mychannel", "chaincodeName": "beer-supplychain", "username": "client1", "orgName": "Org1"}, "data": {"State": "1", "count": "0", "ctime": "Wed, 17 Apr 2019 06:27:32 UTC", "owner": "Genesis", "utime": "Wed, 17 Apr 2019 06:27:32 UTC"}}