{"txId": "7b28d80f4ecffc5dba9a94cb2c95853f18a5db3da754bbfd5d69934b43c3a234", "ctime": "Wed, 17 Apr 2019 06:56:38 UTC", "utime": "Wed, 17 Apr 2019 07:10:16 UTC", "key": "ORDER311", "txData": {"txId": "7b28d80f4ecffc5dba9a94cb2c95853f18a5db3da754bbfd5d69934b43c3a234", "fcn": "createOrder", "args": ["ORDER311", "4", "10", "Retailer"], "channelName": "mychannel", "chaincodeName": "beer-supplychain", "username": "client1", "orgName": "Org1"}, "data": {"State": "4", "count": "10", "ctime": "Wed, 17 Apr 2019 06:56:38 UTC", "owner": "Retailer", "utime": "Wed, 17 Apr 2019 07:10:16 UTC"}}