{"txId": "7b9454003d3abf7cf7609d20487fa2502b69de0d12d30def6e687c958274af39", "ctime": "Wed, 17 Apr 2019 03:27:46 UTC", "utime": "Wed, 17 Apr 2019 03:28:47 UTC", "key": "ORDER255", "txData": {"txId": "7b9454003d3abf7cf7609d20487fa2502b69de0d12d30def6e687c958274af39", "fcn": "acceptTransfer", "args": [], "channelName": "mychannel", "chaincodeName": "beer-supplychain", "username": "client1", "orgName": "Org1"}, "data": {"State": "3", "count": "3", "ctime": "Wed, 17 Apr 2019 03:27:46 UTC", "owner": "Retailer", "utime": "Wed, 17 Apr 2019 03:28:47 UTC"}}