{"txId": "7c2345b4ab2dd2ea5746322d4470d5056686ba1d21992d7798ba60837d5883c6", "ctime": "Wed, 17 Apr 2019 08:49:08 UTC", "utime": "Wed, 17 Apr 2019 08:49:44 UTC", "key": "ORDER344", "txData": {"txId": "7c2345b4ab2dd2ea5746322d4470d5056686ba1d21992d7798ba60837d5883c6", "fcn": "acceptTransfer", "args": [], "channelName": "mychannel", "chaincodeName": "beer-supplychain", "username": "client1", "orgName": "Org1"}, "data": {"State": "3", "count": "3", "ctime": "Wed, 17 Apr 2019 08:49:08 UTC", "owner": "Retailer", "utime": "Wed, 17 Apr 2019 08:49:44 UTC"}}