{"txId": "7cd7441ab834c7ccb31ada7cf63a97cd2eb3566dea6c8022e111426464ecc8fb", "ctime": "Wed, 17 Apr 2019 06:56:38 UTC", "utime": "Wed, 17 Apr 2019 06:56:38 UTC", "key": "ORDER310", "txData": {"txId": "7cd7441ab834c7ccb31ada7cf63a97cd2eb3566dea6c8022e111426464ecc8fb", "fcn": "initLedger", "args": [], "channelName": "mychannel", "chaincodeName": "beer-supplychain", "username": "client1", "orgName": "Org1"}, "data": {"State": "1", "count": "0", "ctime": "Wed, 17 Apr 2019 06:56:38 UTC", "owner": "Genesis", "utime": "Wed, 17 Apr 2019 06:56:38 UTC"}}