{"txId": "7da9fa2042c095913ce8481f25653e9b2328b0b4c9bd261bb202bc7b2e52173c", "ctime": "Wed, 17 Apr 2019 04:43:16 UTC", "utime": "Wed, 17 Apr 2019 04:45:36 UTC", "key": "ORDER277", "txData": {"txId": "7da9fa2042c095913ce8481f25653e9b2328b0b4c9bd261bb202bc7b2e52173c", "fcn": "createOrder", "args": ["ORDER277", "4", "10", "Retailer"], "channelName": "mychannel", "chaincodeName": "beer-supplychain", "username": "client1", "orgName": "Org1"}, "data": {"State": "4", "count": "10", "ctime": "Wed, 17 Apr 2019 04:43:16 UTC", "owner": "Retailer", "utime": "Wed, 17 Apr 2019 04:45:36 UTC"}}