{"txId": "7efb74bf53e2257f37e62685988156955763c4027b369e18704e9b0f439c505b", "ctime": "Wed, 17 Apr 2019 02:15:32 UTC", "utime": "Wed, 17 Apr 2019 02:15:32 UTC", "key": "ORDER227", "txData": {"txId": "7efb74bf53e2257f37e62685988156955763c4027b369e18704e9b0f439c505b", "fcn": "initLedger", "args": [], "channelName": "mychannel", "chaincodeName": "beer-supplychain", "username": "client1", "orgName": "Org1"}, "data": {"State": "1", "count": "0", "ctime": "Wed, 17 Apr 2019 02:15:32 UTC", "owner": "Genesis", "utime": "Wed, 17 Apr 2019 02:15:32 UTC"}}