{"txId": "7f9637c6ea1c248b6a686613e1a0c875e5680cbb05674f587bc747ced047c98f", "ctime": "Wed, 17 Apr 2019 00:23:58 UTC", "utime": "Wed, 17 Apr 2019 00:24:22 UTC", "key": "ORDER212", "txData": {"txId": "7f9637c6ea1c248b6a686613e1a0c875e5680cbb05674f587bc747ced047c98f", "fcn": "acceptTransfer", "args": [], "channelName": "mychannel", "chaincodeName": "beer-supplychain", "username": "client1", "orgName": "Org1"}, "data": {"State": "3", "count": "10", "ctime": "Wed, 17 Apr 2019 00:23:58 UTC", "owner": "ShippingCompany", "utime": "Wed, 17 Apr 2019 00:24:22 UTC"}}