{"txId": "7fe72a03fc6eb6f2caa9a00611ffbd8c7c9031b7580309eb0bb36d909162e7f3", "ctime": "Wed, 17 Apr 2019 05:51:02 UTC", "utime": "Wed, 17 Apr 2019 05:51:05 UTC", "key": "ORDER301", "txData": {"txId": "7fe72a03fc6eb6f2caa9a00611ffbd8c7c9031b7580309eb0bb36d909162e7f3", "fcn": "startTransfer", "args": ["Manufacturer", "10"], "channelName": "mychannel", "chaincodeName": "beer-supplychain", "username": "client1", "orgName": "Org1"}, "data": {"State": "2", "count": "10", "ctime": "Wed, 17 Apr 2019 05:51:02 UTC", "owner": "Manufacturer", "utime": "Wed, 17 Apr 2019 05:51:05 UTC"}}