{"txId": "802fae80298488fef6f3b452548e7fe40d85e10353fb813b1e655f6df69a4f31", "ctime": "Wed, 17 Apr 2019 04:50:07 UTC", "utime": "Wed, 17 Apr 2019 04:51:35 UTC", "key": "ORDER281", "txData": {"txId": "802fae80298488fef6f3b452548e7fe40d85e10353fb813b1e655f6df69a4f31", "fcn": "requestTransfer", "args": ["Retailer", "3"], "channelName": "mychannel", "chaincodeName": "beer-supplychain", "username": "client1", "orgName": "Org1"}, "data": {"State": "2", "count": "3", "ctime": "Wed, 17 Apr 2019 04:50:07 UTC", "owner": "Retailer", "utime": "Wed, 17 Apr 2019 04:51:35 UTC"}}