{"txId": "80504ad1ea34069e020e1cb0b07005f9cb6a146a60a257576e583a551a2f215e", "ctime": "Wed, 17 Apr 2019 03:06:54 UTC", "utime": "Wed, 17 Apr 2019 03:07:04 UTC", "key": "ORDER248", "txData": {"txId": "80504ad1ea34069e020e1cb0b07005f9cb6a146a60a257576e583a551a2f215e", "fcn": "acceptTransfer", "args": [], "channelName": "mychannel", "chaincodeName": "beer-supplychain", "username": "client1", "orgName": "Org1"}, "data": {"State": "3", "count": "10", "ctime": "Wed, 17 Apr 2019 03:06:54 UTC", "owner": "Manufacturer", "utime": "Wed, 17 Apr 2019 03:07:04 UTC"}}