{"txId": "81a6736e24aedafb0d763e076661007ad011250a05b51e9246d2767f691e17b9", "ctime": "Wed, 17 Apr 2019 04:31:48 UTC", "utime": "Wed, 17 Apr 2019 04:31:48 UTC", "key": "ORDER267", "txData": {"txId": "81a6736e24aedafb0d763e076661007ad011250a05b51e9246d2767f691e17b9", "fcn": "startTransfer", "args": ["Manufacturer", "10"], "channelName": "mychannel", "chaincodeName": "beer-supplychain", "username": "client1", "orgName": "Org1"}, "data": {"State": "1", "count": "0", "ctime": "Wed, 17 Apr 2019 04:31:48 UTC", "owner": "Genesis", "utime": "Wed, 17 Apr 2019 04:31:48 UTC"}}