{"txId": "81c891497da8836bc8c7923ef6874ed6f86b4d691e640181dab3049d39e889f1", "ctime": "Wed, 17 Apr 2019 00:04:52 UTC", "utime": "Wed, 17 Apr 2019 00:05:09 UTC", "key": "ORDER204", "txData": {"txId": "81c891497da8836bc8c7923ef6874ed6f86b4d691e640181dab3049d39e889f1", "fcn": "requestTransfer", "args": ["ShippingCompany", "10"], "channelName": "mychannel", "chaincodeName": "beer-supplychain", "username": "client1", "orgName": "Org1"}, "data": {"State": "2", "count": "10", "ctime": "Wed, 17 Apr 2019 00:04:52 UTC", "owner": "ShippingCompany", "utime": "Wed, 17 Apr 2019 00:05:09 UTC"}}