{"txId": "81f870f4bc4788060ef5600e2cf9b45def957af3f4f46b72b0dbb8805ad8abb0", "ctime": "Wed, 17 Apr 2019 03:09:59 UTC", "utime": "Wed, 17 Apr 2019 03:11:31 UTC", "key": "ORDER249", "txData": {"txId": "81f870f4bc4788060ef5600e2cf9b45def957af3f4f46b72b0dbb8805ad8abb0", "fcn": "createOrder", "args": ["ORDER249", "4", "10", "Retailer"], "channelName": "mychannel", "chaincodeName": "beer-supplychain", "username": "client1", "orgName": "Org1"}, "data": {"State": "4", "count": "10", "ctime": "Wed, 17 Apr 2019 03:09:59 UTC", "owner": "Retailer", "utime": "Wed, 17 Apr 2019 03:11:31 UTC"}}