{"txId": "8343e64e2d58d75814aeede7da1bdc888eef6b3cc687031e531c7538b74c2def", "ctime": "Wed, 17 Apr 2019 00:23:58 UTC", "utime": "Wed, 17 Apr 2019 00:24:03 UTC", "key": "ORDER212", "txData": {"txId": "8343e64e2d58d75814aeede7da1bdc888eef6b3cc687031e531c7538b74c2def", "fcn": "startTransfer", "args": ["Manufacturer", "10"], "channelName": "mychannel", "chaincodeName": "beer-supplychain", "username": "client1", "orgName": "Org1"}, "data": {"State": "2", "count": "10", "ctime": "Wed, 17 Apr 2019 00:23:58 UTC", "owner": "Manufacturer", "utime": "Wed, 17 Apr 2019 00:24:03 UTC"}}