{"txId": "84b172b1d7f50f0ec05014215459e88767af0b131535abe7e737977001c15220", "ctime": "Wed, 17 Apr 2019 06:50:10 UTC", "utime": "Wed, 17 Apr 2019 06:55:10 UTC", "key": "ORDER310", "txData": {"txId": "84b172b1d7f50f0ec05014215459e88767af0b131535abe7e737977001c15220", "fcn": "createOrder", "args": ["ORDER310", "4", "10", "Retailer"], "channelName": "mychannel", "chaincodeName": "beer-supplychain", "username": "client1", "orgName": "Org1"}, "data": {"State": "4", "count": "10", "ctime": "Wed, 17 Apr 2019 06:50:10 UTC", "owner": "Retailer", "utime": "Wed, 17 Apr 2019 06:55:10 UTC"}}