{"txId": "8633319d8fa568b120829dbc22fce9b6ff2758499b6239f42b45291cff8ff960", "ctime": "Wed, 17 Apr 2019 04:23:38 UTC", "utime": "Wed, 17 Apr 2019 04:26:08 UTC", "key": "ORDER263", "txData": {"txId": "8633319d8fa568b120829dbc22fce9b6ff2758499b6239f42b45291cff8ff960", "fcn": "acceptTransfer", "args": [], "channelName": "mychannel", "chaincodeName": "beer-supplychain", "username": "client1", "orgName": "Org1"}, "data": {"State": "3", "count": "10", "ctime": "Wed, 17 Apr 2019 04:23:38 UTC", "owner": "Retailer", "utime": "Wed, 17 Apr 2019 04:26:08 UTC"}}