{"txId": "866158a1c3bb2a7d945e4370eb3b663537fa24707d1da596f96c334b66c820f8", "ctime": "Wed, 17 Apr 2019 03:06:19 UTC", "utime": "Wed, 17 Apr 2019 03:06:24 UTC", "key": "ORDER246", "txData": {"txId": "866158a1c3bb2a7d945e4370eb3b663537fa24707d1da596f96c334b66c820f8", "fcn": "startTransfer", "args": ["Manufacturer", "10"], "channelName": "mychannel", "chaincodeName": "beer-supplychain", "username": "client1", "orgName": "Org1"}, "data": {"State": "2", "count": "10", "ctime": "Wed, 17 Apr 2019 03:06:19 UTC", "owner": "Manufacturer", "utime": "Wed, 17 Apr 2019 03:06:24 UTC"}}