{"txId": "86c72e436b3e2fc45d8fab602be99d089b98b23899c6dabee1571da779fea2a0", "ctime": "Wed, 17 Apr 2019 00:09:00 UTC", "utime": "Wed, 17 Apr 2019 00:10:25 UTC", "key": "ORDER205", "txData": {"txId": "86c72e436b3e2fc45d8fab602be99d089b98b23899c6dabee1571da779fea2a0", "fcn": "startTransfer", "args": ["Manufacturer", "10"], "channelName": "mychannel", "chaincodeName": "beer-supplychain", "username": "client1", "orgName": "Org1"}, "data": {"State": "2", "count": "10", "ctime": "Wed, 17 Apr 2019 00:09:00 UTC", "owner": "Manufacturer", "utime": "Wed, 17 Apr 2019 00:10:25 UTC"}}