{"txId": "88a475832704fc634ea595328519736e3ccc2a43498cfd47e328e2e9b3c00eca", "ctime": "Wed, 17 Apr 2019 07:49:56 UTC", "utime": "Wed, 17 Apr 2019 07:52:37 UTC", "key": "ORDER318", "txData": {"txId": "88a475832704fc634ea595328519736e3ccc2a43498cfd47e328e2e9b3c00eca", "fcn": "acceptTransfer", "args": [], "channelName": "mychannel", "chaincodeName": "beer-supplychain", "username": "client1", "orgName": "Org1"}, "data": {"State": "3", "count": "10", "ctime": "Wed, 17 Apr 2019 07:49:56 UTC", "owner": "Manufacturer", "utime": "Wed, 17 Apr 2019 07:52:37 UTC"}}