{"txId": "88d0bccb88908dcabce35dfed6f89ae5239ecec597d86554aecc0ffa1ea29492", "ctime": "Wed, 17 Apr 2019 16:52:02 UTC", "utime": "Wed, 17 Apr 2019 16:52:20 UTC", "key": "ORDER356", "txData": {"txId": "88d0bccb88908dcabce35dfed6f89ae5239ecec597d86554aecc0ffa1ea29492", "fcn": "acceptTransfer", "args": [], "channelName": "mychannel", "chaincodeName": "beer-supplychain", "username": "client1", "orgName": "org1"}, "data": {"State": "3", "count": "30", "ctime": "Wed, 17 Apr 2019 16:52:02 UTC", "owner": "ShippingCompany", "utime": "Wed, 17 Apr 2019 16:52:20 UTC"}}