{"txId": "88e179bf1bdc3d816068d7d69884847625913fa54ee377cf13afccaff56b8f0c", "ctime": "Wed, 17 Apr 2019 08:05:09 UTC", "utime": "Wed, 17 Apr 2019 08:05:09 UTC", "key": "ORDER327", "txData": {"txId": "88e179bf1bdc3d816068d7d69884847625913fa54ee377cf13afccaff56b8f0c", "fcn": "initLedger", "args": [], "channelName": "mychannel", "chaincodeName": "beer-supplychain", "username": "client1", "orgName": "Org1"}, "data": {"State": "1", "count": "0", "ctime": "Wed, 17 Apr 2019 08:05:09 UTC", "owner": "Genesis", "utime": "Wed, 17 Apr 2019 08:05:09 UTC"}}