{"txId": "89c45e22e9e9039f7a7943357faa88a84bd8311de89601b7270f49b4320a5fe3", "ctime": "Wed, 17 Apr 2019 00:04:52 UTC", "utime": "Wed, 17 Apr 2019 00:04:56 UTC", "key": "ORDER204", "txData": {"txId": "89c45e22e9e9039f7a7943357faa88a84bd8311de89601b7270f49b4320a5fe3", "fcn": "startTransfer", "args": ["Manufacturer", "10"], "channelName": "mychannel", "chaincodeName": "beer-supplychain", "username": "client1", "orgName": "Org1"}, "data": {"State": "2", "count": "10", "ctime": "Wed, 17 Apr 2019 00:04:52 UTC", "owner": "Manufacturer", "utime": "Wed, 17 Apr 2019 00:04:56 UTC"}}