{"txId": "89efa42e721ef0e57f42711f9021d046c79fc4f6c9d33a0774eb855ab96c5a11", "ctime": "Wed, 17 Apr 2019 03:05:04 UTC", "utime": "Wed, 17 Apr 2019 03:05:04 UTC", "key": "ORDER242", "txData": {"txId": "89efa42e721ef0e57f42711f9021d046c79fc4f6c9d33a0774eb855ab96c5a11", "fcn": "initLedger", "args": [], "channelName": "mychannel", "chaincodeName": "beer-supplychain", "username": "client1", "orgName": "Org1"}, "data": {"State": "1", "count": "0", "ctime": "Wed, 17 Apr 2019 03:05:04 UTC", "owner": "Genesis", "utime": "Wed, 17 Apr 2019 03:05:04 UTC"}}