{"txId": "8a533b9a791574f5bde125efa7011181f420fc3c46e36b5877283880ff35c553", "ctime": "Wed, 17 Apr 2019 02:25:08 UTC", "utime": "Wed, 17 Apr 2019 02:28:40 UTC", "key": "ORDER234", "txData": {"txId": "8a533b9a791574f5bde125efa7011181f420fc3c46e36b5877283880ff35c553", "fcn": "createOrder", "args": ["ORDER234", "5", "3", "Retailer"], "channelName": "mychannel", "chaincodeName": "beer-supplychain", "username": "client1", "orgName": "Org1"}, "data": {"State": "5", "count": "3", "ctime": "Wed, 17 Apr 2019 02:25:08 UTC", "owner": "Retailer", "utime": "Wed, 17 Apr 2019 02:28:40 UTC"}}