{"txId": "8b47957bf081b2c397e4e37b4e55919ac9df04c6e4a077791fda74922eb58a62", "ctime": "Wed, 17 Apr 2019 08:04:56 UTC", "utime": "Wed, 17 Apr 2019 08:04:56 UTC", "key": "ORDER324", "txData": {"txId": "8b47957bf081b2c397e4e37b4e55919ac9df04c6e4a077791fda74922eb58a62", "fcn": "initLedger", "args": [], "channelName": "mychannel", "chaincodeName": "beer-supplychain", "username": "client1", "orgName": "Org1"}, "data": {"State": "1", "count": "0", "ctime": "Wed, 17 Apr 2019 08:04:56 UTC", "owner": "Genesis", "utime": "Wed, 17 Apr 2019 08:04:56 UTC"}}