{"txId": "8c90d8c0d1d6e3bfc212cb66c9b87976213056be1039dde8f49f46c8cf61f3e0", "ctime": "Wed, 17 Apr 2019 16:26:18 UTC", "utime": "Wed, 17 Apr 2019 16:26:18 UTC", "key": "ORDER353", "txData": {"txId": "8c90d8c0d1d6e3bfc212cb66c9b87976213056be1039dde8f49f46c8cf61f3e0", "fcn": "initLedger", "args": [], "channelName": "mychannel", "chaincodeName": "beer-supplychain", "username": "client1", "orgName": "org1"}, "data": {"State": "1", "count": "0", "ctime": "Wed, 17 Apr 2019 16:26:18 UTC", "owner": "Genesis", "utime": "Wed, 17 Apr 2019 16:26:18 UTC"}}