{"txId": "8d858cf5980a26b2ad733a784988eda401ffd78918a94111cd363a11616b2436", "ctime": "Wed, 17 Apr 2019 05:35:00 UTC", "utime": "Wed, 17 Apr 2019 05:35:00 UTC", "key": "ORDER295", "txData": {"txId": "8d858cf5980a26b2ad733a784988eda401ffd78918a94111cd363a11616b2436", "fcn": "initLedger", "args": [], "channelName": "mychannel", "chaincodeName": "beer-supplychain", "username": "client1", "orgName": "Org1"}, "data": {"State": "1", "count": "0", "ctime": "Wed, 17 Apr 2019 05:35:00 UTC", "owner": "Genesis", "utime": "Wed, 17 Apr 2019 05:35:00 UTC"}}