{"txId": "8fe3d5ed3aa8be443409fef8b21384ae29f8e7c879a50be0161890ee319d1860", "ctime": "Wed, 17 Apr 2019 04:50:07 UTC", "utime": "Wed, 17 Apr 2019 04:52:00 UTC", "key": "ORDER281", "txData": {"txId": "8fe3d5ed3aa8be443409fef8b21384ae29f8e7c879a50be0161890ee319d1860", "fcn": "createOrder", "args": ["ORDER281", "5", "3", "Retailer"], "channelName": "mychannel", "chaincodeName": "beer-supplychain", "username": "client1", "orgName": "Org1"}, "data": {"State": "5", "count": "3", "ctime": "Wed, 17 Apr 2019 04:50:07 UTC", "owner": "Retailer", "utime": "Wed, 17 Apr 2019 04:52:00 UTC"}}