{"txId": "9030018af6fba2821d7df348aad94e37750117b8d95d3903595f92b5679c929e", "ctime": "Wed, 17 Apr 2019 08:37:37 UTC", "utime": "Wed, 17 Apr 2019 08:37:40 UTC", "key": "ORDER335", "txData": {"txId": "9030018af6fba2821d7df348aad94e37750117b8d95d3903595f92b5679c929e", "fcn": "startTransfer", "args": ["Manufacturer", "10"], "channelName": "mychannel", "chaincodeName": "beer-supplychain", "username": "client1", "orgName": "Org1"}, "data": {"State": "2", "count": "10", "ctime": "Wed, 17 Apr 2019 08:37:37 UTC", "owner": "Manufacturer", "utime": "Wed, 17 Apr 2019 08:37:40 UTC"}}