{"txId": "90935a17cc94f2dbfeb260faa2fe6dd1da6573e9ee12d071a1a7d546f4949fa3", "ctime": "Wed, 17 Apr 2019 08:43:13 UTC", "utime": "Wed, 17 Apr 2019 08:43:16 UTC", "key": "ORDER338", "txData": {"txId": "90935a17cc94f2dbfeb260faa2fe6dd1da6573e9ee12d071a1a7d546f4949fa3", "fcn": "startTransfer", "args": ["Manufacturer", "10"], "channelName": "mychannel", "chaincodeName": "beer-supplychain", "username": "client1", "orgName": "Org1"}, "data": {"State": "2", "count": "10", "ctime": "Wed, 17 Apr 2019 08:43:13 UTC", "owner": "Manufacturer", "utime": "Wed, 17 Apr 2019 08:43:16 UTC"}}