{"txId": "91fb109c57d57bfd60691f64ade40dcecfe5a3c2742eb7d05bee62c9cc722b76", "ctime": "Wed, 17 Apr 2019 03:21:09 UTC", "utime": "Wed, 17 Apr 2019 03:21:09 UTC", "key": "ORDER250", "txData": {"txId": "91fb109c57d57bfd60691f64ade40dcecfe5a3c2742eb7d05bee62c9cc722b76", "fcn": "initLedger", "args": [], "channelName": "mychannel", "chaincodeName": "beer-supplychain", "username": "client1", "orgName": "Org1"}, "data": {"State": "1", "count": "0", "ctime": "Wed, 17 Apr 2019 03:21:09 UTC", "owner": "Genesis", "utime": "Wed, 17 Apr 2019 03:21:09 UTC"}}