{"txId": "92b5ecce741886b78804a88cdde67f2c670829625c9411d162b30f9cc691f327", "ctime": "Wed, 17 Apr 2019 08:05:09 UTC", "utime": "Wed, 17 Apr 2019 08:05:43 UTC", "key": "ORDER328", "txData": {"txId": "92b5ecce741886b78804a88cdde67f2c670829625c9411d162b30f9cc691f327", "fcn": "startTransfer", "args": ["Manufacturer", "10"], "channelName": "mychannel", "chaincodeName": "beer-supplychain", "username": "client1", "orgName": "Org1"}, "data": {"State": "2", "count": "10", "ctime": "Wed, 17 Apr 2019 08:05:09 UTC", "owner": "Manufacturer", "utime": "Wed, 17 Apr 2019 08:05:43 UTC"}}