{"txId": "93113c0f43fe47f03222f1e08b439357819bf80cd6e5c5f0dc9c151bb6a6c267", "ctime": "Wed, 17 Apr 2019 00:09:00 UTC", "utime": "Wed, 17 Apr 2019 00:12:13 UTC", "key": "ORDER205", "txData": {"txId": "93113c0f43fe47f03222f1e08b439357819bf80cd6e5c5f0dc9c151bb6a6c267", "fcn": "createOrder", "args": ["ORDER205", "4", "10", "ShippingCompany"], "channelName": "mychannel", "chaincodeName": "beer-supplychain", "username": "client1", "orgName": "Org1"}, "data": {"State": "4", "count": "10", "ctime": "Wed, 17 Apr 2019 00:09:00 UTC", "owner": "ShippingCompany", "utime": "Wed, 17 Apr 2019 00:12:13 UTC"}}