{"txId": "933671368140d008ae42b4afceb50af822fd6a73f5ff6b7aaab0bcd452a9b11e", "ctime": "Wed, 17 Apr 2019 05:51:02 UTC", "utime": "Wed, 17 Apr 2019 05:51:52 UTC", "key": "ORDER301", "txData": {"txId": "933671368140d008ae42b4afceb50af822fd6a73f5ff6b7aaab0bcd452a9b11e", "fcn": "acceptTransfer", "args": [], "channelName": "mychannel", "chaincodeName": "beer-supplychain", "username": "client1", "orgName": "Org1"}, "data": {"State": "3", "count": "10", "ctime": "Wed, 17 Apr 2019 05:51:02 UTC", "owner": "Manufacturer", "utime": "Wed, 17 Apr 2019 05:51:52 UTC"}}