{"txId": "94a95fcaa1fe1b97888cedf8da06c8b20008d0d5754a9b94057384889f5955ef", "ctime": "Wed, 17 Apr 2019 04:19:22 UTC", "utime": "Wed, 17 Apr 2019 04:22:35 UTC", "key": "ORDER260", "txData": {"txId": "94a95fcaa1fe1b97888cedf8da06c8b20008d0d5754a9b94057384889f5955ef", "fcn": "acceptTransfer", "args": [], "channelName": "mychannel", "chaincodeName": "beer-supplychain", "username": "client1", "orgName": "Org1"}, "data": {"State": "3", "count": "3", "ctime": "Wed, 17 Apr 2019 04:19:22 UTC", "owner": "Retailer", "utime": "Wed, 17 Apr 2019 04:22:35 UTC"}}