{"txId": "95700e2552bcc2673c03cc16a8055c672f5b0515be01fe8932ac6e5635ac70ac", "ctime": "Wed, 17 Apr 2019 05:31:34 UTC", "utime": "Wed, 17 Apr 2019 05:31:38 UTC", "key": "ORDER295", "txData": {"txId": "95700e2552bcc2673c03cc16a8055c672f5b0515be01fe8932ac6e5635ac70ac", "fcn": "startTransfer", "args": ["Manufacturer", "10"], "channelName": "mychannel", "chaincodeName": "beer-supplychain", "username": "client1", "orgName": "Org1"}, "data": {"State": "2", "count": "10", "ctime": "Wed, 17 Apr 2019 05:31:34 UTC", "owner": "Manufacturer", "utime": "Wed, 17 Apr 2019 05:31:38 UTC"}}