{"txId": "95d59e7e8f0b40ca615fe8838b2c6edcd64db85361157757883d4c5b8fd33fb0", "ctime": "Wed, 17 Apr 2019 04:43:16 UTC", "utime": "Wed, 17 Apr 2019 04:43:19 UTC", "key": "ORDER277", "txData": {"txId": "95d59e7e8f0b40ca615fe8838b2c6edcd64db85361157757883d4c5b8fd33fb0", "fcn": "startTransfer", "args": ["Manufacturer", "10"], "channelName": "mychannel", "chaincodeName": "beer-supplychain", "username": "client1", "orgName": "Org1"}, "data": {"State": "2", "count": "10", "ctime": "Wed, 17 Apr 2019 04:43:16 UTC", "owner": "Manufacturer", "utime": "Wed, 17 Apr 2019 04:43:19 UTC"}}