{"txId": "973af224c6066828950814d1c3342a9c70b257823d5ce3b38c0f9b903b6dae48", "ctime": "Wed, 17 Apr 2019 04:31:42 UTC", "utime": "Wed, 17 Apr 2019 04:31:42 UTC", "key": "ORDER265", "txData": {"txId": "973af224c6066828950814d1c3342a9c70b257823d5ce3b38c0f9b903b6dae48", "fcn": "initLedger", "args": [], "channelName": "mychannel", "chaincodeName": "beer-supplychain", "username": "client1", "orgName": "Org1"}, "data": {"State": "1", "count": "0", "ctime": "Wed, 17 Apr 2019 04:31:42 UTC", "owner": "Genesis", "utime": "Wed, 17 Apr 2019 04:31:42 UTC"}}