{"txId": "97c01ea49a7bf3d04c8f689cb632da4fdb3513ca346a5e4568605a6ba96f304c", "ctime": "Wed, 17 Apr 2019 07:49:56 UTC", "utime": "Wed, 17 Apr 2019 07:53:15 UTC", "key": "ORDER318", "txData": {"txId": "97c01ea49a7bf3d04c8f689cb632da4fdb3513ca346a5e4568605a6ba96f304c", "fcn": "requestTransfer", "args": ["Retailer", "3"], "channelName": "mychannel", "chaincodeName": "beer-supplychain", "username": "client1", "orgName": "Org1"}, "data": {"State": "2", "count": "3", "ctime": "Wed, 17 Apr 2019 07:49:56 UTC", "owner": "Retailer", "utime": "Wed, 17 Apr 2019 07:53:15 UTC"}}