{"txId": "9bdb6ccd689afcd2501b77dc4ccc021b8a1203e9b8aad2be827cfb3b026c4682", "ctime": "Wed, 17 Apr 2019 08:15:00 UTC", "utime": "Wed, 17 Apr 2019 08:23:25 UTC", "key": "ORDER334", "txData": {"txId": "9bdb6ccd689afcd2501b77dc4ccc021b8a1203e9b8aad2be827cfb3b026c4682", "fcn": "requestTransfer", "args": ["ShippingCompany", "10"], "channelName": "mychannel", "chaincodeName": "beer-supplychain", "username": "client1", "orgName": "Org1"}, "data": {"State": "2", "count": "10", "ctime": "Wed, 17 Apr 2019 08:15:00 UTC", "owner": "ShippingCompany", "utime": "Wed, 17 Apr 2019 08:23:25 UTC"}}