{"txId": "9be67948215e3bb95ccfff0da957aa6be12351ae0cced6cba6240589c31117f0", "ctime": "Wed, 17 Apr 2019 08:04:12 UTC", "utime": "Wed, 17 Apr 2019 08:04:15 UTC", "key": "ORDER321", "txData": {"txId": "9be67948215e3bb95ccfff0da957aa6be12351ae0cced6cba6240589c31117f0", "fcn": "startTransfer", "args": ["Manufacturer", "10"], "channelName": "mychannel", "chaincodeName": "beer-supplychain", "username": "client1", "orgName": "Org1"}, "data": {"State": "2", "count": "10", "ctime": "Wed, 17 Apr 2019 08:04:12 UTC", "owner": "Manufacturer", "utime": "Wed, 17 Apr 2019 08:04:15 UTC"}}