{"txId": "9f3fa2e18fd4e02c4de6940a3e76382a3e413a59835610c70b75f74e46abd9b1", "ctime": "Wed, 17 Apr 2019 09:11:49 UTC", "utime": "Wed, 17 Apr 2019 09:12:48 UTC", "key": "ORDER349", "txData": {"txId": "9f3fa2e18fd4e02c4de6940a3e76382a3e413a59835610c70b75f74e46abd9b1", "fcn": "requestTransfer", "args": ["ShippingCompany", "10"], "channelName": "mychannel", "chaincodeName": "beer-supplychain", "username": "client1", "orgName": "Org1"}, "data": {"State": "2", "count": "10", "ctime": "Wed, 17 Apr 2019 09:11:49 UTC", "owner": "ShippingCompany", "utime": "Wed, 17 Apr 2019 09:12:48 UTC"}}