{"txId": "9fcc65c3de92a855dbb89a7e2f0063f5f4a11db3ec8da739f31cc1ec8298b273", "ctime": "Wed, 17 Apr 2019 06:20:12 UTC", "utime": "Wed, 17 Apr 2019 06:21:18 UTC", "key": "ORDER305", "txData": {"txId": "9fcc65c3de92a855dbb89a7e2f0063f5f4a11db3ec8da739f31cc1ec8298b273", "fcn": "requestTransfer", "args": ["ShippingCompany", "10"], "channelName": "mychannel", "chaincodeName": "beer-supplychain", "username": "client1", "orgName": "Org1"}, "data": {"State": "2", "count": "10", "ctime": "Wed, 17 Apr 2019 06:20:12 UTC", "owner": "ShippingCompany", "utime": "Wed, 17 Apr 2019 06:21:18 UTC"}}