{"txId": "a0f9a00ee8d617ea56bbb5c463b25b915c02e2d2607d2f0913fc9862275b89ca", "ctime": "Wed, 17 Apr 2019 09:11:49 UTC", "utime": "Wed, 17 Apr 2019 09:12:45 UTC", "key": "ORDER349", "txData": {"txId": "a0f9a00ee8d617ea56bbb5c463b25b915c02e2d2607d2f0913fc9862275b89ca", "fcn": "acceptTransfer", "args": [], "channelName": "mychannel", "chaincodeName": "beer-supplychain", "username": "client1", "orgName": "Org1"}, "data": {"State": "3", "count": "10", "ctime": "Wed, 17 Apr 2019 09:11:49 UTC", "owner": "Manufacturer", "utime": "Wed, 17 Apr 2019 09:12:45 UTC"}}