{"txId": "a1218bca2d8b812389dc843a2684cba003e361601ed776b91a388699fa72793e", "ctime": "Wed, 17 Apr 2019 04:53:40 UTC", "utime": "Wed, 17 Apr 2019 04:53:40 UTC", "key": "ORDER282", "txData": {"txId": "a1218bca2d8b812389dc843a2684cba003e361601ed776b91a388699fa72793e", "fcn": "initLedger", "args": [], "channelName": "mychannel", "chaincodeName": "beer-supplychain", "username": "client1", "orgName": "Org1"}, "data": {"State": "1", "count": "0", "ctime": "Wed, 17 Apr 2019 04:53:40 UTC", "owner": "Genesis", "utime": "Wed, 17 Apr 2019 04:53:40 UTC"}}