{"txId": "a143e6fd75b3b74810940301b50ddb5210b9e2ac68ad547c03b706fb1dcebc3e", "ctime": "Wed, 17 Apr 2019 00:34:37 UTC", "utime": "Wed, 17 Apr 2019 00:38:16 UTC", "key": "ORDER215", "txData": {"txId": "a143e6fd75b3b74810940301b50ddb5210b9e2ac68ad547c03b706fb1dcebc3e", "fcn": "createOrder", "args": ["ORDER215", "5", "3", "Retailer"], "channelName": "mychannel", "chaincodeName": "beer-supplychain", "username": "client1", "orgName": "Org1"}, "data": {"State": "5", "count": "3", "ctime": "Wed, 17 Apr 2019 00:34:37 UTC", "owner": "Retailer", "utime": "Wed, 17 Apr 2019 00:38:16 UTC"}}