{"txId": "a15cb3268f684f473bcceffa3ed23bcecff44b751bc10be0c6c294e8bc57f054", "ctime": "Wed, 17 Apr 2019 05:31:34 UTC", "utime": "Wed, 17 Apr 2019 05:33:10 UTC", "key": "ORDER295", "txData": {"txId": "a15cb3268f684f473bcceffa3ed23bcecff44b751bc10be0c6c294e8bc57f054", "fcn": "requestTransfer", "args": ["ShippingCompany", "10"], "channelName": "mychannel", "chaincodeName": "beer-supplychain", "username": "client1", "orgName": "Org1"}, "data": {"State": "2", "count": "10", "ctime": "Wed, 17 Apr 2019 05:31:34 UTC", "owner": "ShippingCompany", "utime": "Wed, 17 Apr 2019 05:33:10 UTC"}}