{"txId": "a1b5e4f76a9db868f113a7b335a003d7945063da0a76069070efa8eb16613807", "ctime": "Wed, 17 Apr 2019 03:24:27 UTC", "utime": "Wed, 17 Apr 2019 03:25:01 UTC", "key": "ORDER252", "txData": {"txId": "a1b5e4f76a9db868f113a7b335a003d7945063da0a76069070efa8eb16613807", "fcn": "requestTransfer", "args": ["Retailer", "3"], "channelName": "mychannel", "chaincodeName": "beer-supplychain", "username": "client1", "orgName": "Org1"}, "data": {"State": "2", "count": "3", "ctime": "Wed, 17 Apr 2019 03:24:27 UTC", "owner": "Retailer", "utime": "Wed, 17 Apr 2019 03:25:01 UTC"}}