{"txId": "a1cdcc0fbfe0c9abc4d7bc1b3ce17475d2d43a4232a38e95c83a696e5b91c548", "ctime": "Wed, 17 Apr 2019 06:50:10 UTC", "utime": "Wed, 17 Apr 2019 06:53:50 UTC", "key": "ORDER310", "txData": {"txId": "a1cdcc0fbfe0c9abc4d7bc1b3ce17475d2d43a4232a38e95c83a696e5b91c548", "fcn": "requestTransfer", "args": ["ShippingCompany", "10"], "channelName": "mychannel", "chaincodeName": "beer-supplychain", "username": "client1", "orgName": "Org1"}, "data": {"State": "2", "count": "10", "ctime": "Wed, 17 Apr 2019 06:50:10 UTC", "owner": "ShippingCompany", "utime": "Wed, 17 Apr 2019 06:53:50 UTC"}}