{"txId": "a3d8879d92f394ba2d50cb8503b2027d76aa8ee6089c100b940ec7bab075c80a", "ctime": "Wed, 17 Apr 2019 08:43:27 UTC", "utime": "Wed, 17 Apr 2019 08:43:31 UTC", "key": "ORDER339", "txData": {"txId": "a3d8879d92f394ba2d50cb8503b2027d76aa8ee6089c100b940ec7bab075c80a", "fcn": "startTransfer", "args": ["Manufacturer", "10"], "channelName": "mychannel", "chaincodeName": "beer-supplychain", "username": "client1", "orgName": "Org1"}, "data": {"State": "2", "count": "10", "ctime": "Wed, 17 Apr 2019 08:43:27 UTC", "owner": "Manufacturer", "utime": "Wed, 17 Apr 2019 08:43:31 UTC"}}