{"txId": "a457f6cbad6b3a75a427a73dd40b6ef17a5a69988a6066053aea19ad1d82e924", "ctime": "Wed, 17 Apr 2019 02:55:20 UTC", "utime": "Wed, 17 Apr 2019 02:55:32 UTC", "key": "ORDER239", "txData": {"txId": "a457f6cbad6b3a75a427a73dd40b6ef17a5a69988a6066053aea19ad1d82e924", "fcn": "startTransfer", "args": ["Manufacturer", "10"], "channelName": "mychannel", "chaincodeName": "beer-supplychain", "username": "client1", "orgName": "Org1"}, "data": {"State": "2", "count": "10", "ctime": "Wed, 17 Apr 2019 02:55:20 UTC", "owner": "Manufacturer", "utime": "Wed, 17 Apr 2019 02:55:32 UTC"}}