{"txId": "a619b86074bb23cf023f24a4b8a11844d49a70ad0c055ed5cabf7f592b49a478", "ctime": "Wed, 17 Apr 2019 03:09:59 UTC", "utime": "Wed, 17 Apr 2019 03:11:28 UTC", "key": "ORDER249", "txData": {"txId": "a619b86074bb23cf023f24a4b8a11844d49a70ad0c055ed5cabf7f592b49a478", "fcn": "acceptTransfer", "args": [], "channelName": "mychannel", "chaincodeName": "beer-supplychain", "username": "client1", "orgName": "Org1"}, "data": {"State": "3", "count": "10", "ctime": "Wed, 17 Apr 2019 03:09:59 UTC", "owner": "Retailer", "utime": "Wed, 17 Apr 2019 03:11:28 UTC"}}