{"txId": "a835a637d1bbf5b53a458fd07a5e5fe4f84fc8f737613ec057b4eef3c15004a7", "ctime": "Wed, 17 Apr 2019 04:23:31 UTC", "utime": "Wed, 17 Apr 2019 04:23:31 UTC", "key": "ORDER261", "txData": {"txId": "a835a637d1bbf5b53a458fd07a5e5fe4f84fc8f737613ec057b4eef3c15004a7", "fcn": "initLedger", "args": [], "channelName": "mychannel", "chaincodeName": "beer-supplychain", "username": "client1", "orgName": "Org1"}, "data": {"State": "1", "count": "0", "ctime": "Wed, 17 Apr 2019 04:23:31 UTC", "owner": "Genesis", "utime": "Wed, 17 Apr 2019 04:23:31 UTC"}}