{"txId": "a9019216b5331829d9bb179923421506f4c13ad331a7178b59f1d4c3a9e647b3", "ctime": "Wed, 17 Apr 2019 00:22:14 UTC", "utime": "Wed, 17 Apr 2019 00:22:17 UTC", "key": "ORDER210", "txData": {"txId": "a9019216b5331829d9bb179923421506f4c13ad331a7178b59f1d4c3a9e647b3", "fcn": "startTransfer", "args": ["Manufacturer", "10"], "channelName": "mychannel", "chaincodeName": "beer-supplychain", "username": "client1", "orgName": "Org1"}, "data": {"State": "2", "count": "10", "ctime": "Wed, 17 Apr 2019 00:22:14 UTC", "owner": "Manufacturer", "utime": "Wed, 17 Apr 2019 00:22:17 UTC"}}