{"txId": "a91ddd1347b47802965a2218ff8b2ca654c4bb24f5a840ed90334d606770dbf1", "ctime": "Wed, 17 Apr 2019 02:15:32 UTC", "utime": "Wed, 17 Apr 2019 02:15:44 UTC", "key": "ORDER228", "txData": {"txId": "a91ddd1347b47802965a2218ff8b2ca654c4bb24f5a840ed90334d606770dbf1", "fcn": "startTransfer", "args": ["Manufacturer", "10"], "channelName": "mychannel", "chaincodeName": "beer-supplychain", "username": "client1", "orgName": "Org1"}, "data": {"State": "2", "count": "10", "ctime": "Wed, 17 Apr 2019 02:15:32 UTC", "owner": "Manufacturer", "utime": "Wed, 17 Apr 2019 02:15:44 UTC"}}