{"txId": "aa4dd9768b2160b1523493fb9fb48ed2e12660c307800bb2eb145f07873b626b", "ctime": "Wed, 17 Apr 2019 02:12:44 UTC", "utime": "Wed, 17 Apr 2019 02:15:03 UTC", "key": "ORDER227", "txData": {"txId": "aa4dd9768b2160b1523493fb9fb48ed2e12660c307800bb2eb145f07873b626b", "fcn": "createOrder", "args": ["ORDER227", "5", "3", "Retailer"], "channelName": "mychannel", "chaincodeName": "beer-supplychain", "username": "client1", "orgName": "Org1"}, "data": {"State": "5", "count": "3", "ctime": "Wed, 17 Apr 2019 02:12:44 UTC", "owner": "Retailer", "utime": "Wed, 17 Apr 2019 02:15:03 UTC"}}