{"txId": "aa5ca8e493e8eff8e733af7d65bb22d924ae675bb497386ab37885b8d990295a", "ctime": "Wed, 17 Apr 2019 04:42:05 UTC", "utime": "Wed, 17 Apr 2019 04:42:05 UTC", "key": "ORDER275", "txData": {"txId": "aa5ca8e493e8eff8e733af7d65bb22d924ae675bb497386ab37885b8d990295a", "fcn": "initLedger", "args": [], "channelName": "mychannel", "chaincodeName": "beer-supplychain", "username": "client1", "orgName": "Org1"}, "data": {"State": "1", "count": "0", "ctime": "Wed, 17 Apr 2019 04:42:05 UTC", "owner": "Genesis", "utime": "Wed, 17 Apr 2019 04:42:05 UTC"}}