{"txId": "ae4e7893e4ebce280775b1ef4d879cbbe94b71f158590a209cd89b6d1f868953", "ctime": "Wed, 17 Apr 2019 05:51:02 UTC", "utime": "Wed, 17 Apr 2019 05:51:02 UTC", "key": "ORDER300", "txData": {"txId": "ae4e7893e4ebce280775b1ef4d879cbbe94b71f158590a209cd89b6d1f868953", "fcn": "initLedger", "args": [], "channelName": "mychannel", "chaincodeName": "beer-supplychain", "username": "client1", "orgName": "Org1"}, "data": {"State": "1", "count": "0", "ctime": "Wed, 17 Apr 2019 05:51:02 UTC", "owner": "Genesis", "utime": "Wed, 17 Apr 2019 05:51:02 UTC"}}