{"txId": "aed0789aadd672bf215f2e110b949b5ab13860b6da1d353100b2177035fd27a2", "ctime": "Wed, 17 Apr 2019 04:32:00 UTC", "utime": "Wed, 17 Apr 2019 04:32:48 UTC", "key": "ORDER269", "txData": {"txId": "aed0789aadd672bf215f2e110b949b5ab13860b6da1d353100b2177035fd27a2", "fcn": "requestTransfer", "args": ["Retailer", "10"], "channelName": "mychannel", "chaincodeName": "beer-supplychain", "username": "client1", "orgName": "Org1"}, "data": {"State": "2", "count": "10", "ctime": "Wed, 17 Apr 2019 04:32:00 UTC", "owner": "Retailer", "utime": "Wed, 17 Apr 2019 04:32:48 UTC"}}