{"txId": "afc301b514455ced27b661a39f6094ff16a36b169036aa0885c08ae1d9823644", "ctime": "Wed, 17 Apr 2019 04:56:59 UTC", "utime": "Wed, 17 Apr 2019 05:05:28 UTC", "key": "ORDER284", "txData": {"txId": "afc301b514455ced27b661a39f6094ff16a36b169036aa0885c08ae1d9823644", "fcn": "acceptTransfer", "args": [], "channelName": "mychannel", "chaincodeName": "beer-supplychain", "username": "client1", "orgName": "Org1"}, "data": {"State": "3", "count": "10", "ctime": "Wed, 17 Apr 2019 04:56:59 UTC", "owner": "ShippingCompany", "utime": "Wed, 17 Apr 2019 05:05:28 UTC"}}