{"txId": "b0bd0fa4413589afe40feb4de5d81673def3182fb46508a13f427b13362ba3cd", "ctime": "Wed, 17 Apr 2019 05:17:38 UTC", "utime": "Wed, 17 Apr 2019 05:19:56 UTC", "key": "ORDER290", "txData": {"txId": "b0bd0fa4413589afe40feb4de5d81673def3182fb46508a13f427b13362ba3cd", "fcn": "createOrder", "args": ["ORDER290", "4", "10", "Retailer"], "channelName": "mychannel", "chaincodeName": "beer-supplychain", "username": "client1", "orgName": "Org1"}, "data": {"State": "4", "count": "10", "ctime": "Wed, 17 Apr 2019 05:17:38 UTC", "owner": "Retailer", "utime": "Wed, 17 Apr 2019 05:19:56 UTC"}}