{"txId": "b18e8d1dc10346b565b85ec3a4bd6b6a3227f6eb2c595b27d98a7f7d510e7b60", "ctime": "Wed, 17 Apr 2019 00:26:37 UTC", "utime": "Wed, 17 Apr 2019 00:26:37 UTC", "key": "ORDER212", "txData": {"txId": "b18e8d1dc10346b565b85ec3a4bd6b6a3227f6eb2c595b27d98a7f7d510e7b60", "fcn": "initLedger", "args": [], "channelName": "mychannel", "chaincodeName": "beer-supplychain", "username": "client1", "orgName": "Org1"}, "data": {"State": "1", "count": "0", "ctime": "Wed, 17 Apr 2019 00:26:37 UTC", "owner": "Genesis", "utime": "Wed, 17 Apr 2019 00:26:37 UTC"}}