{"txId": "b1edc9e74b9f498e36975b01ef542c304a28c005b1fb75acca5bd8bba265b8cd", "ctime": "Wed, 17 Apr 2019 02:17:05 UTC", "utime": "Wed, 17 Apr 2019 02:17:05 UTC", "key": "ORDER229", "txData": {"txId": "b1edc9e74b9f498e36975b01ef542c304a28c005b1fb75acca5bd8bba265b8cd", "fcn": "initLedger", "args": [], "channelName": "mychannel", "chaincodeName": "beer-supplychain", "username": "client1", "orgName": "Org1"}, "data": {"State": "1", "count": "0", "ctime": "Wed, 17 Apr 2019 02:17:05 UTC", "owner": "Genesis", "utime": "Wed, 17 Apr 2019 02:17:05 UTC"}}