{"txId": "b2e48f4609d0cfd51e2b506170f4ce20b7b30f1bbf0c92d5615e3f02ed92c294", "ctime": "Wed, 17 Apr 2019 16:17:22 UTC", "utime": "Wed, 17 Apr 2019 16:19:00 UTC", "key": "ORDER353", "txData": {"txId": "b2e48f4609d0cfd51e2b506170f4ce20b7b30f1bbf0c92d5615e3f02ed92c294", "fcn": "requestTransfer", "args": ["Retailer", "30"], "channelName": "mychannel", "chaincodeName": "beer-supplychain", "username": "client1", "orgName": "org1"}, "data": {"State": "2", "count": "30", "ctime": "Wed, 17 Apr 2019 16:17:22 UTC", "owner": "Retailer", "utime": "Wed, 17 Apr 2019 16:19:00 UTC"}}