{"txId": "b3643ce61a83d745a793d6f0cb775d43456f8ee5ffc8d0d96e67c7abeeda04d2", "ctime": "Wed, 17 Apr 2019 03:05:12 UTC", "utime": "Wed, 17 Apr 2019 03:05:12 UTC", "key": "ORDER243", "txData": {"txId": "b3643ce61a83d745a793d6f0cb775d43456f8ee5ffc8d0d96e67c7abeeda04d2", "fcn": "initLedger", "args": [], "channelName": "mychannel", "chaincodeName": "beer-supplychain", "username": "client1", "orgName": "Org1"}, "data": {"State": "1", "count": "0", "ctime": "Wed, 17 Apr 2019 03:05:12 UTC", "owner": "Genesis", "utime": "Wed, 17 Apr 2019 03:05:12 UTC"}}