{"txId": "b4377f59a6e7134b1df625ac88fe746465be082e9a30f73e79ca917fb1ded36c", "ctime": "Wed, 17 Apr 2019 00:09:00 UTC", "utime": "Wed, 17 Apr 2019 00:11:03 UTC", "key": "ORDER205", "txData": {"txId": "b4377f59a6e7134b1df625ac88fe746465be082e9a30f73e79ca917fb1ded36c", "fcn": "acceptTransfer", "args": [], "channelName": "mychannel", "chaincodeName": "beer-supplychain", "username": "client1", "orgName": "Org1"}, "data": {"State": "3", "count": "10", "ctime": "Wed, 17 Apr 2019 00:09:00 UTC", "owner": "Manufacturer", "utime": "Wed, 17 Apr 2019 00:11:03 UTC"}}