{"txId": "b44013f30ff9a1b25aac3431332515abb27f19e2bab52ec617cc4db2bc4c749a", "ctime": "Wed, 17 Apr 2019 02:12:44 UTC", "utime": "Wed, 17 Apr 2019 02:15:00 UTC", "key": "ORDER227", "txData": {"txId": "b44013f30ff9a1b25aac3431332515abb27f19e2bab52ec617cc4db2bc4c749a", "fcn": "acceptTransfer", "args": [], "channelName": "mychannel", "chaincodeName": "beer-supplychain", "username": "client1", "orgName": "Org1"}, "data": {"State": "3", "count": "3", "ctime": "Wed, 17 Apr 2019 02:12:44 UTC", "owner": "Retailer", "utime": "Wed, 17 Apr 2019 02:15:00 UTC"}}