{"txId": "b543a120734e423e9ceff86006fa69bb913894658af03964b809cf7d00a27f4b", "ctime": "Wed, 17 Apr 2019 00:42:58 UTC", "utime": "Wed, 17 Apr 2019 00:42:58 UTC", "key": "ORDER219", "txData": {"txId": "b543a120734e423e9ceff86006fa69bb913894658af03964b809cf7d00a27f4b", "fcn": "initLedger", "args": [], "channelName": "mychannel", "chaincodeName": "beer-supplychain", "username": "client1", "orgName": "Org1"}, "data": {"State": "1", "count": "0", "ctime": "Wed, 17 Apr 2019 00:42:58 UTC", "owner": "Genesis", "utime": "Wed, 17 Apr 2019 00:42:58 UTC"}}