{"txId": "ba95d88553a7d527b57af1d2da3bca601d2bafd6ac5e751623a95fc80dd0da12", "ctime": "Wed, 17 Apr 2019 03:05:04 UTC", "utime": "Wed, 17 Apr 2019 03:05:08 UTC", "key": "ORDER243", "txData": {"txId": "ba95d88553a7d527b57af1d2da3bca601d2bafd6ac5e751623a95fc80dd0da12", "fcn": "startTransfer", "args": ["Manufacturer", "10"], "channelName": "mychannel", "chaincodeName": "beer-supplychain", "username": "client1", "orgName": "Org1"}, "data": {"State": "2", "count": "10", "ctime": "Wed, 17 Apr 2019 03:05:04 UTC", "owner": "Manufacturer", "utime": "Wed, 17 Apr 2019 03:05:08 UTC"}}