{"txId": "bcdfd744cca18d6a5b998e3b8e14aeae1742a47c7aa6949236ec5cb5df141ffa", "ctime": "Wed, 17 Apr 2019 04:39:23 UTC", "utime": "Wed, 17 Apr 2019 04:39:26 UTC", "key": "ORDER273", "txData": {"txId": "bcdfd744cca18d6a5b998e3b8e14aeae1742a47c7aa6949236ec5cb5df141ffa", "fcn": "startTransfer", "args": ["Manufacturer", "10"], "channelName": "mychannel", "chaincodeName": "beer-supplychain", "username": "client1", "orgName": "Org1"}, "data": {"State": "2", "count": "10", "ctime": "Wed, 17 Apr 2019 04:39:23 UTC", "owner": "Manufacturer", "utime": "Wed, 17 Apr 2019 04:39:26 UTC"}}