{"txId": "bdf3c4b8f78aded7cf9629ab3c5d9d2430d310b49200ddb1faa5ef825d11e19e", "ctime": "Wed, 17 Apr 2019 16:17:22 UTC", "utime": "Wed, 17 Apr 2019 16:18:36 UTC", "key": "ORDER353", "txData": {"txId": "bdf3c4b8f78aded7cf9629ab3c5d9d2430d310b49200ddb1faa5ef825d11e19e", "fcn": "requestTransfer", "args": ["ShippingCompany", "30"], "channelName": "mychannel", "chaincodeName": "beer-supplychain", "username": "client1", "orgName": "org1"}, "data": {"State": "2", "count": "30", "ctime": "Wed, 17 Apr 2019 16:17:22 UTC", "owner": "ShippingCompany", "utime": "Wed, 17 Apr 2019 16:18:36 UTC"}}