{"txId": "bedf92bcee2bf5e8b8ce19121d0899d64c21af095c454278055256db8c78b45f", "ctime": "Wed, 17 Apr 2019 02:51:45 UTC", "utime": "Wed, 17 Apr 2019 02:51:52 UTC", "key": "ORDER238", "txData": {"txId": "bedf92bcee2bf5e8b8ce19121d0899d64c21af095c454278055256db8c78b45f", "fcn": "startTransfer", "args": ["Manufacturer", "10"], "channelName": "mychannel", "chaincodeName": "beer-supplychain", "username": "client1", "orgName": "Org1"}, "data": {"State": "2", "count": "10", "ctime": "Wed, 17 Apr 2019 02:51:45 UTC", "owner": "Manufacturer", "utime": "Wed, 17 Apr 2019 02:51:52 UTC"}}