{"txId": "bee27f8fb1db8bf338a216a3de12cba72ce7ea8f6c333552368d5dfc7da75bbb", "ctime": "Wed, 17 Apr 2019 08:06:52 UTC", "utime": "Wed, 17 Apr 2019 08:08:33 UTC", "key": "ORDER333", "txData": {"txId": "bee27f8fb1db8bf338a216a3de12cba72ce7ea8f6c333552368d5dfc7da75bbb", "fcn": "requestTransfer", "args": ["Retailer", "3"], "channelName": "mychannel", "chaincodeName": "beer-supplychain", "username": "client1", "orgName": "Org1"}, "data": {"State": "2", "count": "3", "ctime": "Wed, 17 Apr 2019 08:06:52 UTC", "owner": "Retailer", "utime": "Wed, 17 Apr 2019 08:08:33 UTC"}}