{"txId": "c2d09118be6301fce52717bfc6fdeb03d09a12462ff82214d459b45c8c27a211", "ctime": "Wed, 17 Apr 2019 08:06:52 UTC", "utime": "Wed, 17 Apr 2019 08:06:56 UTC", "key": "ORDER333", "txData": {"txId": "c2d09118be6301fce52717bfc6fdeb03d09a12462ff82214d459b45c8c27a211", "fcn": "startTransfer", "args": ["Manufacturer", "10"], "channelName": "mychannel", "chaincodeName": "beer-supplychain", "username": "client1", "orgName": "Org1"}, "data": {"State": "2", "count": "10", "ctime": "Wed, 17 Apr 2019 08:06:52 UTC", "owner": "Manufacturer", "utime": "Wed, 17 Apr 2019 08:06:56 UTC"}}