{"txId": "c308bce717488f0fddaa28795e9c14e3222c1b8b860bcc05a395acf0651d3faf", "ctime": "Wed, 17 Apr 2019 08:00:08 UTC", "utime": "Wed, 17 Apr 2019 08:00:08 UTC", "key": "ORDER319", "txData": {"txId": "c308bce717488f0fddaa28795e9c14e3222c1b8b860bcc05a395acf0651d3faf", "fcn": "initLedger", "args": [], "channelName": "mychannel", "chaincodeName": "beer-supplychain", "username": "client1", "orgName": "Org1"}, "data": {"State": "1", "count": "0", "ctime": "Wed, 17 Apr 2019 08:00:08 UTC", "owner": "Genesis", "utime": "Wed, 17 Apr 2019 08:00:08 UTC"}}