{"txId": "c5502595c43c17f9ebe729e650c830087c10b3bee50159128039d815f0ce987b", "ctime": "Wed, 17 Apr 2019 02:48:03 UTC", "utime": "Wed, 17 Apr 2019 02:49:23 UTC", "key": "ORDER237", "txData": {"txId": "c5502595c43c17f9ebe729e650c830087c10b3bee50159128039d815f0ce987b", "fcn": "startTransfer", "args": ["Manufacturer", "10"], "channelName": "mychannel", "chaincodeName": "beer-supplychain", "username": "client1", "orgName": "Org1"}, "data": {"State": "2", "count": "10", "ctime": "Wed, 17 Apr 2019 02:48:03 UTC", "owner": "Manufacturer", "utime": "Wed, 17 Apr 2019 02:49:23 UTC"}}