{"txId": "c817bfc34b67d662c0bbb0138dc0ddcff6778f5562d499542a24870e4951953d", "ctime": "Wed, 17 Apr 2019 01:50:09 UTC", "utime": "Wed, 17 Apr 2019 01:50:09 UTC", "key": "ORDER221", "txData": {"txId": "c817bfc34b67d662c0bbb0138dc0ddcff6778f5562d499542a24870e4951953d", "fcn": "initLedger", "args": [], "channelName": "mychannel", "chaincodeName": "beer-supplychain", "username": "client1", "orgName": "Org1"}, "data": {"State": "1", "count": "0", "ctime": "Wed, 17 Apr 2019 01:50:09 UTC", "owner": "Genesis", "utime": "Wed, 17 Apr 2019 01:50:09 UTC"}}