{"txId": "c84aa5284df5ed54185ab76c36f05bcec0e75ee9c2ff517bc90683c2a3272649", "ctime": "Wed, 17 Apr 2019 07:25:35 UTC", "utime": "Wed, 17 Apr 2019 07:25:35 UTC", "key": "ORDER315", "txData": {"txId": "c84aa5284df5ed54185ab76c36f05bcec0e75ee9c2ff517bc90683c2a3272649", "fcn": "initLedger", "args": [], "channelName": "mychannel", "chaincodeName": "beer-supplychain", "username": "client1", "orgName": "Org1"}, "data": {"State": "1", "count": "0", "ctime": "Wed, 17 Apr 2019 07:25:35 UTC", "owner": "Genesis", "utime": "Wed, 17 Apr 2019 07:25:35 UTC"}}