{"txId": "c88432a71f41b39428d4fb2cbd60b58a1546c37cb2eaf9ce1740ccaa617ef020", "ctime": "Wed, 17 Apr 2019 03:09:59 UTC", "utime": "Wed, 17 Apr 2019 03:10:17 UTC", "key": "ORDER249", "txData": {"txId": "c88432a71f41b39428d4fb2cbd60b58a1546c37cb2eaf9ce1740ccaa617ef020", "fcn": "acceptTransfer", "args": [], "channelName": "mychannel", "chaincodeName": "beer-supplychain", "username": "client1", "orgName": "Org1"}, "data": {"State": "3", "count": "10", "ctime": "Wed, 17 Apr 2019 03:09:59 UTC", "owner": "Manufacturer", "utime": "Wed, 17 Apr 2019 03:10:17 UTC"}}