{"txId": "c88c2103494615b8a33a4e6430ad9cc099b278e0a618a62bdbe8a87e8ae2cb80", "ctime": "Wed, 17 Apr 2019 08:06:29 UTC", "utime": "Wed, 17 Apr 2019 08:06:29 UTC", "key": "ORDER331", "txData": {"txId": "c88c2103494615b8a33a4e6430ad9cc099b278e0a618a62bdbe8a87e8ae2cb80", "fcn": "initLedger", "args": [], "channelName": "mychannel", "chaincodeName": "beer-supplychain", "username": "client1", "orgName": "Org1"}, "data": {"State": "1", "count": "0", "ctime": "Wed, 17 Apr 2019 08:06:29 UTC", "owner": "Genesis", "utime": "Wed, 17 Apr 2019 08:06:29 UTC"}}