{"txId": "cb4e4cb4f57a838841cc23bdfdefdcfb684fb92f174de3936b5724433c25a6ba", "ctime": "Wed, 17 Apr 2019 02:17:05 UTC", "utime": "Wed, 17 Apr 2019 02:19:39 UTC", "key": "ORDER230", "txData": {"txId": "cb4e4cb4f57a838841cc23bdfdefdcfb684fb92f174de3936b5724433c25a6ba", "fcn": "acceptTransfer", "args": [], "channelName": "mychannel", "chaincodeName": "beer-supplychain", "username": "client1", "orgName": "Org1"}, "data": {"State": "3", "count": "10", "ctime": "Wed, 17 Apr 2019 02:17:05 UTC", "owner": "ShippingCompany", "utime": "Wed, 17 Apr 2019 02:19:39 UTC"}}