{"txId": "cbb029ec4c4b9256f749e0bd640beb4d4ca7420edc658513257af120c8b90fdb", "ctime": "Wed, 17 Apr 2019 00:13:13 UTC", "utime": "Wed, 17 Apr 2019 00:13:24 UTC", "key": "ORDER206", "txData": {"txId": "cbb029ec4c4b9256f749e0bd640beb4d4ca7420edc658513257af120c8b90fdb", "fcn": "acceptTransfer", "args": [], "channelName": "mychannel", "chaincodeName": "beer-supplychain", "username": "client1", "orgName": "Org1"}, "data": {"State": "3", "count": "10", "ctime": "Wed, 17 Apr 2019 00:13:13 UTC", "owner": "Manufacturer", "utime": "Wed, 17 Apr 2019 00:13:24 UTC"}}