{"txId": "ce555ab296cf758e2ff303d25d6a513472fe1668cdf52acb6249b59d671186f4", "ctime": "Wed, 17 Apr 2019 16:52:02 UTC", "utime": "Wed, 17 Apr 2019 16:52:02 UTC", "key": "ORDER355", "txData": {"txId": "ce555ab296cf758e2ff303d25d6a513472fe1668cdf52acb6249b59d671186f4", "fcn": "initLedger", "args": [], "channelName": "mychannel", "chaincodeName": "beer-supplychain", "username": "client1", "orgName": "org1"}, "data": {"State": "1", "count": "0", "ctime": "Wed, 17 Apr 2019 16:52:02 UTC", "owner": "Genesis", "utime": "Wed, 17 Apr 2019 16:52:02 UTC"}}