{"txId": "cf5eed99c9312e69b872e25893c937c2f71f2b2d2c0c012508630e612ad2f6a0", "ctime": "Wed, 17 Apr 2019 02:51:45 UTC", "utime": "Wed, 17 Apr 2019 02:51:45 UTC", "key": "ORDER237", "txData": {"txId": "cf5eed99c9312e69b872e25893c937c2f71f2b2d2c0c012508630e612ad2f6a0", "fcn": "initLedger", "args": [], "channelName": "mychannel", "chaincodeName": "beer-supplychain", "username": "client1", "orgName": "Org1"}, "data": {"State": "1", "count": "0", "ctime": "Wed, 17 Apr 2019 02:51:45 UTC", "owner": "Genesis", "utime": "Wed, 17 Apr 2019 02:51:45 UTC"}}