{"txId": "cfc820f07d86e7101c6e5ed6e6490d22319f0c9eee42b6ea452efd667bb9f82a", "ctime": "Wed, 17 Apr 2019 00:34:37 UTC", "utime": "Wed, 17 Apr 2019 00:38:13 UTC", "key": "ORDER215", "txData": {"txId": "cfc820f07d86e7101c6e5ed6e6490d22319f0c9eee42b6ea452efd667bb9f82a", "fcn": "acceptTransfer", "args": [], "channelName": "mychannel", "chaincodeName": "beer-supplychain", "username": "client1", "orgName": "Org1"}, "data": {"State": "3", "count": "3", "ctime": "Wed, 17 Apr 2019 00:34:37 UTC", "owner": "Retailer", "utime": "Wed, 17 Apr 2019 00:38:13 UTC"}}