{"txId": "d298a3d58c669a63a0414cbd74fc9ea5dd134d030af6b6eb2fa93da968e15595", "ctime": "Wed, 17 Apr 2019 16:01:55 UTC", "utime": "Wed, 17 Apr 2019 16:01:57 UTC", "key": "ORDER349", "txData": {"txId": "d298a3d58c669a63a0414cbd74fc9ea5dd134d030af6b6eb2fa93da968e15595", "fcn": "initLedger", "args": [], "channelName": "mychannel", "chaincodeName": "beer-supplychain", "username": "client1", "orgName": "org1"}, "data": {"State": "2", "count": "30", "ctime": "Wed, 17 Apr 2019 16:01:55 UTC", "owner": "Manufacturer", "utime": "Wed, 17 Apr 2019 16:01:57 UTC"}}