{"txId": "d4ac95fa7eb710ee23a966bcd6f3dd0e435c9c230980393c97951ed6771343f9", "ctime": "Wed, 17 Apr 2019 03:04:56 UTC", "utime": "Wed, 17 Apr 2019 03:04:59 UTC", "key": "ORDER242", "txData": {"txId": "d4ac95fa7eb710ee23a966bcd6f3dd0e435c9c230980393c97951ed6771343f9", "fcn": "startTransfer", "args": ["Manufacturer", "10"], "channelName": "mychannel", "chaincodeName": "beer-supplychain", "username": "client1", "orgName": "Org1"}, "data": {"State": "2", "count": "10", "ctime": "Wed, 17 Apr 2019 03:04:56 UTC", "owner": "Manufacturer", "utime": "Wed, 17 Apr 2019 03:04:59 UTC"}}