{"txId": "d59affbd107962fcd0e294e803deeec1cf115159ce96e860b3239a0e8c4df476", "ctime": "Wed, 17 Apr 2019 05:45:48 UTC", "utime": "Wed, 17 Apr 2019 05:48:23 UTC", "key": "ORDER297", "txData": {"txId": "d59affbd107962fcd0e294e803deeec1cf115159ce96e860b3239a0e8c4df476", "fcn": "acceptTransfer", "args": [], "channelName": "mychannel", "chaincodeName": "beer-supplychain", "username": "client1", "orgName": "Org1"}, "data": {"State": "3", "count": "3", "ctime": "Wed, 17 Apr 2019 05:45:48 UTC", "owner": "Retailer", "utime": "Wed, 17 Apr 2019 05:48:23 UTC"}}