{"txId": "d5ed3c469a8be1e475101a289f7de6ce9655766e5b3c710d897dc0ea4413cad9", "ctime": "Wed, 17 Apr 2019 05:12:53 UTC", "utime": "Wed, 17 Apr 2019 05:12:53 UTC", "key": "ORDER287", "txData": {"txId": "d5ed3c469a8be1e475101a289f7de6ce9655766e5b3c710d897dc0ea4413cad9", "fcn": "initLedger", "args": [], "channelName": "mychannel", "chaincodeName": "beer-supplychain", "username": "client1", "orgName": "Org1"}, "data": {"State": "1", "count": "0", "ctime": "Wed, 17 Apr 2019 05:12:53 UTC", "owner": "Genesis", "utime": "Wed, 17 Apr 2019 05:12:53 UTC"}}