{"txId": "d66b8ada177275bcb1e217e0efbc1f84d79938841602c35da0cdeea7250c901b", "ctime": "Wed, 17 Apr 2019 01:53:51 UTC", "utime": "Wed, 17 Apr 2019 01:55:44 UTC", "key": "ORDER223", "txData": {"txId": "d66b8ada177275bcb1e217e0efbc1f84d79938841602c35da0cdeea7250c901b", "fcn": "acceptTransfer", "args": [], "channelName": "mychannel", "chaincodeName": "beer-supplychain", "username": "client1", "orgName": "Org1"}, "data": {"State": "3", "count": "10", "ctime": "Wed, 17 Apr 2019 01:53:51 UTC", "owner": "ShippingCompany", "utime": "Wed, 17 Apr 2019 01:55:44 UTC"}}