{"txId": "d6a56ba4cf76ed9c7f74b8e3d78a1a4b45654db9fbd1030bd0f7e835fb6061f2", "ctime": "Wed, 17 Apr 2019 03:27:46 UTC", "utime": "Wed, 17 Apr 2019 03:29:04 UTC", "key": "ORDER255", "txData": {"txId": "d6a56ba4cf76ed9c7f74b8e3d78a1a4b45654db9fbd1030bd0f7e835fb6061f2", "fcn": "acceptTransfer", "args": [], "channelName": "mychannel", "chaincodeName": "beer-supplychain", "username": "client1", "orgName": "Org1"}, "data": {"State": "3", "count": "10", "ctime": "Wed, 17 Apr 2019 03:27:46 UTC", "owner": "Retailer", "utime": "Wed, 17 Apr 2019 03:29:04 UTC"}}