{"txId": "d9306f2cdfabf0996558691bfadcd963dc3d99abd0f1baba8ef5c76a33be5365", "ctime": "Wed, 17 Apr 2019 03:27:46 UTC", "utime": "Wed, 17 Apr 2019 03:28:51 UTC", "key": "ORDER255", "txData": {"txId": "d9306f2cdfabf0996558691bfadcd963dc3d99abd0f1baba8ef5c76a33be5365", "fcn": "requestTransfer", "args": ["Retailer", "10"], "channelName": "mychannel", "chaincodeName": "beer-supplychain", "username": "client1", "orgName": "Org1"}, "data": {"State": "2", "count": "10", "ctime": "Wed, 17 Apr 2019 03:27:46 UTC", "owner": "Retailer", "utime": "Wed, 17 Apr 2019 03:28:51 UTC"}}