{"txId": "dae00cdf20b42229683c76c6e8cd1e9fa59bf8037747a39ea9f5daf117c08f32", "ctime": "Wed, 17 Apr 2019 04:07:35 UTC", "utime": "Wed, 17 Apr 2019 04:07:35 UTC", "key": "ORDER258", "txData": {"txId": "dae00cdf20b42229683c76c6e8cd1e9fa59bf8037747a39ea9f5daf117c08f32", "fcn": "initLedger", "args": [], "channelName": "mychannel", "chaincodeName": "beer-supplychain", "username": "client1", "orgName": "Org1"}, "data": {"State": "1", "count": "0", "ctime": "Wed, 17 Apr 2019 04:07:35 UTC", "owner": "Genesis", "utime": "Wed, 17 Apr 2019 04:07:35 UTC"}}