{"txId": "de59c62f49d7eb665e94a6251e06a5e41e3a3df1989cd4d8765ccc8e2900a025", "ctime": "Wed, 17 Apr 2019 03:04:56 UTC", "utime": "Wed, 17 Apr 2019 03:04:56 UTC", "key": "ORDER241", "txData": {"txId": "de59c62f49d7eb665e94a6251e06a5e41e3a3df1989cd4d8765ccc8e2900a025", "fcn": "initLedger", "args": [], "channelName": "mychannel", "chaincodeName": "beer-supplychain", "username": "client1", "orgName": "Org1"}, "data": {"State": "1", "count": "0", "ctime": "Wed, 17 Apr 2019 03:04:56 UTC", "owner": "Genesis", "utime": "Wed, 17 Apr 2019 03:04:56 UTC"}}