{"txId": "df8c60a8c9915157c8d1854e77f4b5d2a6e755184fa8be0f11d1ac18cfdf6524", "ctime": "Wed, 17 Apr 2019 06:16:42 UTC", "utime": "Wed, 17 Apr 2019 06:19:05 UTC", "key": "ORDER304", "txData": {"txId": "df8c60a8c9915157c8d1854e77f4b5d2a6e755184fa8be0f11d1ac18cfdf6524", "fcn": "acceptTransfer", "args": [], "channelName": "mychannel", "chaincodeName": "beer-supplychain", "username": "client1", "orgName": "Org1"}, "data": {"State": "3", "count": "10", "ctime": "Wed, 17 Apr 2019 06:16:42 UTC", "owner": "ShippingCompany", "utime": "Wed, 17 Apr 2019 06:19:05 UTC"}}