{"txId": "e008f314e81fb930a99a8f767373631b01398359b4c33122317cdc95737607b7", "ctime": "Wed, 17 Apr 2019 08:44:33 UTC", "utime": "Wed, 17 Apr 2019 08:44:33 UTC", "key": "ORDER341", "txData": {"txId": "e008f314e81fb930a99a8f767373631b01398359b4c33122317cdc95737607b7", "fcn": "initLedger", "args": [], "channelName": "mychannel", "chaincodeName": "beer-supplychain", "username": "client1", "orgName": "Org1"}, "data": {"State": "1", "count": "0", "ctime": "Wed, 17 Apr 2019 08:44:33 UTC", "owner": "Genesis", "utime": "Wed, 17 Apr 2019 08:44:33 UTC"}}