{"txId": "e32f792166860ebbb5e661602162cb2cc7d9b8bcc2ed27a3188a85e3479036f7", "ctime": "Wed, 17 Apr 2019 06:16:42 UTC", "utime": "Wed, 17 Apr 2019 06:18:08 UTC", "key": "ORDER304", "txData": {"txId": "e32f792166860ebbb5e661602162cb2cc7d9b8bcc2ed27a3188a85e3479036f7", "fcn": "startTransfer", "args": ["Manufacturer", "10"], "channelName": "mychannel", "chaincodeName": "beer-supplychain", "username": "client1", "orgName": "Org1"}, "data": {"State": "2", "count": "10", "ctime": "Wed, 17 Apr 2019 06:16:42 UTC", "owner": "Manufacturer", "utime": "Wed, 17 Apr 2019 06:18:08 UTC"}}