{"txId": "e3d3e8aaabc6c1f55ecfadb3e2f9272dc443fdcce2da4238c743ea6a669d0de8", "ctime": "Wed, 17 Apr 2019 05:30:06 UTC", "utime": "Wed, 17 Apr 2019 05:30:06 UTC", "key": "ORDER291", "txData": {"txId": "e3d3e8aaabc6c1f55ecfadb3e2f9272dc443fdcce2da4238c743ea6a669d0de8", "fcn": "initLedger", "args": [], "channelName": "mychannel", "chaincodeName": "beer-supplychain", "username": "client1", "orgName": "Org1"}, "data": {"State": "1", "count": "0", "ctime": "Wed, 17 Apr 2019 05:30:06 UTC", "owner": "Genesis", "utime": "Wed, 17 Apr 2019 05:30:06 UTC"}}