{"txId": "e64f8aabe582569df681bef4a673e3d2efc4d1aff60d2dfc6d2f43972957c5a3", "ctime": "Wed, 17 Apr 2019 00:41:17 UTC", "utime": "Wed, 17 Apr 2019 00:41:46 UTC", "key": "ORDER219", "txData": {"txId": "e64f8aabe582569df681bef4a673e3d2efc4d1aff60d2dfc6d2f43972957c5a3", "fcn": "startTransfer", "args": ["Manufacturer", "10"], "channelName": "mychannel", "chaincodeName": "beer-supplychain", "username": "client1", "orgName": "Org1"}, "data": {"State": "2", "count": "10", "ctime": "Wed, 17 Apr 2019 00:41:17 UTC", "owner": "Manufacturer", "utime": "Wed, 17 Apr 2019 00:41:46 UTC"}}