{"txId": "e6ef9fedd6e4049e14cfe38bf18830e389b52edcbe0be940c5eb0801eb93da50", "ctime": "Wed, 17 Apr 2019 00:22:14 UTC", "utime": "Wed, 17 Apr 2019 00:22:37 UTC", "key": "ORDER210", "txData": {"txId": "e6ef9fedd6e4049e14cfe38bf18830e389b52edcbe0be940c5eb0801eb93da50", "fcn": "acceptTransfer", "args": [], "channelName": "mychannel", "chaincodeName": "beer-supplychain", "username": "client1", "orgName": "Org1"}, "data": {"State": "3", "count": "10", "ctime": "Wed, 17 Apr 2019 00:22:14 UTC", "owner": "Manufacturer", "utime": "Wed, 17 Apr 2019 00:22:37 UTC"}}