{"txId": "e7597d0cd2d82575c1940621de3a5d56a356376015aa3f4504a9b343ee3d78b3", "ctime": "Wed, 17 Apr 2019 04:56:59 UTC", "utime": "Wed, 17 Apr 2019 05:04:33 UTC", "key": "ORDER284", "txData": {"txId": "e7597d0cd2d82575c1940621de3a5d56a356376015aa3f4504a9b343ee3d78b3", "fcn": "startTransfer", "args": ["Manufacturer", "10"], "channelName": "mychannel", "chaincodeName": "beer-supplychain", "username": "client1", "orgName": "Org1"}, "data": {"State": "2", "count": "10", "ctime": "Wed, 17 Apr 2019 04:56:59 UTC", "owner": "Manufacturer", "utime": "Wed, 17 Apr 2019 05:04:33 UTC"}}