{"txId": "e7973a13718dcbf314cd5d232babfada4197af095f5e820aae729a08e5e1d560", "ctime": "Wed, 17 Apr 2019 03:04:50 UTC", "utime": "Wed, 17 Apr 2019 03:04:52 UTC", "key": "ORDER241", "txData": {"txId": "e7973a13718dcbf314cd5d232babfada4197af095f5e820aae729a08e5e1d560", "fcn": "startTransfer", "args": ["Manufacturer", "10"], "channelName": "mychannel", "chaincodeName": "beer-supplychain", "username": "client1", "orgName": "Org1"}, "data": {"State": "2", "count": "10", "ctime": "Wed, 17 Apr 2019 03:04:50 UTC", "owner": "Manufacturer", "utime": "Wed, 17 Apr 2019 03:04:52 UTC"}}