{"txId": "e7a5c892208c48f93971b53b6f0aaea18bce31387739e69aea972c96c094da14", "ctime": "Wed, 17 Apr 2019 00:23:46 UTC", "utime": "Wed, 17 Apr 2019 00:23:49 UTC", "key": "ORDER211", "txData": {"txId": "e7a5c892208c48f93971b53b6f0aaea18bce31387739e69aea972c96c094da14", "fcn": "startTransfer", "args": ["Manufacturer", "10"], "channelName": "mychannel", "chaincodeName": "beer-supplychain", "username": "client1", "orgName": "Org1"}, "data": {"State": "2", "count": "10", "ctime": "Wed, 17 Apr 2019 00:23:46 UTC", "owner": "Manufacturer", "utime": "Wed, 17 Apr 2019 00:23:49 UTC"}}