{"txId": "e805cbc82236b7b647218d04e447ac189bb65afc8b6c48a47bdd48db68d30b92", "ctime": "Wed, 17 Apr 2019 06:28:23 UTC", "utime": "Wed, 17 Apr 2019 06:31:36 UTC", "key": "ORDER308", "txData": {"txId": "e805cbc82236b7b647218d04e447ac189bb65afc8b6c48a47bdd48db68d30b92", "fcn": "createOrder", "args": ["ORDER308", "5", "3", "Retailer"], "channelName": "mychannel", "chaincodeName": "beer-supplychain", "username": "client1", "orgName": "Org1"}, "data": {"State": "5", "count": "3", "ctime": "Wed, 17 Apr 2019 06:28:23 UTC", "owner": "Retailer", "utime": "Wed, 17 Apr 2019 06:31:36 UTC"}}