{"txId": "e91155dce6bfb8226beb1267a1e010ce7dbe4beb98a37b1b0d0ab6b63d782c17", "ctime": "Wed, 17 Apr 2019 16:24:07 UTC", "utime": "Wed, 17 Apr 2019 16:24:07 UTC", "key": "ORDER353", "txData": {"txId": "e91155dce6bfb8226beb1267a1e010ce7dbe4beb98a37b1b0d0ab6b63d782c17", "fcn": "initLedger", "args": [], "channelName": "mychannel", "chaincodeName": "beer-supplychain", "username": "client1", "orgName": "org1"}, "data": {"State": "1", "count": "0", "ctime": "Wed, 17 Apr 2019 16:24:07 UTC", "owner": "Genesis", "utime": "Wed, 17 Apr 2019 16:24:07 UTC"}}