{"txId": "ea0754190711af8e23f97f4ea2993e3c7e227289352f22a4ce04f4eff91e00a9", "ctime": "Wed, 17 Apr 2019 06:28:11 UTC", "utime": "Wed, 17 Apr 2019 06:28:11 UTC", "key": "ORDER306", "txData": {"txId": "ea0754190711af8e23f97f4ea2993e3c7e227289352f22a4ce04f4eff91e00a9", "fcn": "initLedger", "args": [], "channelName": "mychannel", "chaincodeName": "beer-supplychain", "username": "client1", "orgName": "Org1"}, "data": {"State": "1", "count": "0", "ctime": "Wed, 17 Apr 2019 06:28:11 UTC", "owner": "Genesis", "utime": "Wed, 17 Apr 2019 06:28:11 UTC"}}