{"txId": "eb59da24ffc6f081c156b400e30c65a76353b253cba39ac641a3499b2d3eac19", "ctime": "Wed, 17 Apr 2019 06:38:55 UTC", "utime": "Wed, 17 Apr 2019 06:43:11 UTC", "key": "ORDER309", "txData": {"txId": "eb59da24ffc6f081c156b400e30c65a76353b253cba39ac641a3499b2d3eac19", "fcn": "acceptTransfer", "args": [], "channelName": "mychannel", "chaincodeName": "beer-supplychain", "username": "client1", "orgName": "Org1"}, "data": {"State": "3", "count": "3", "ctime": "Wed, 17 Apr 2019 06:38:55 UTC", "owner": "Retailer", "utime": "Wed, 17 Apr 2019 06:43:11 UTC"}}