{"txId": "ec2118b03804e86e1e48e17bfab055a8bad38ab94a9abd6538ef62944e6388a6", "ctime": "Wed, 17 Apr 2019 00:09:00 UTC", "utime": "Wed, 17 Apr 2019 00:11:07 UTC", "key": "ORDER205", "txData": {"txId": "ec2118b03804e86e1e48e17bfab055a8bad38ab94a9abd6538ef62944e6388a6", "fcn": "requestTransfer", "args": ["ShippingCompany", "10"], "channelName": "mychannel", "chaincodeName": "beer-supplychain", "username": "client1", "orgName": "Org1"}, "data": {"State": "2", "count": "10", "ctime": "Wed, 17 Apr 2019 00:09:00 UTC", "owner": "ShippingCompany", "utime": "Wed, 17 Apr 2019 00:11:07 UTC"}}