{"txId": "ed5edf49584bbbd079b1d20f092a41d8f3b09c3b0ecb8dcb0363028bcae38170", "ctime": "Wed, 17 Apr 2019 04:23:14 UTC", "utime": "Wed, 17 Apr 2019 04:23:17 UTC", "key": "ORDER261", "txData": {"txId": "ed5edf49584bbbd079b1d20f092a41d8f3b09c3b0ecb8dcb0363028bcae38170", "fcn": "startTransfer", "args": ["Manufacturer", "10"], "channelName": "mychannel", "chaincodeName": "beer-supplychain", "username": "client1", "orgName": "Org1"}, "data": {"State": "2", "count": "10", "ctime": "Wed, 17 Apr 2019 04:23:14 UTC", "owner": "Manufacturer", "utime": "Wed, 17 Apr 2019 04:23:17 UTC"}}