{"txId": "ede3b6145d66d36c83d757345cd15bd34ce6616530bd2ba1c24eb159f1f144ae", "ctime": "Wed, 17 Apr 2019 04:56:59 UTC", "utime": "Wed, 17 Apr 2019 05:04:57 UTC", "key": "ORDER284", "txData": {"txId": "ede3b6145d66d36c83d757345cd15bd34ce6616530bd2ba1c24eb159f1f144ae", "fcn": "acceptTransfer", "args": [], "channelName": "mychannel", "chaincodeName": "beer-supplychain", "username": "client1", "orgName": "Org1"}, "data": {"State": "3", "count": "10", "ctime": "Wed, 17 Apr 2019 04:56:59 UTC", "owner": "Manufacturer", "utime": "Wed, 17 Apr 2019 05:04:57 UTC"}}