{"txId": "f218fccf6aab88f1e64477c4a32ba1437cdc86b5cb2be08e6498597e79d5b7ec", "ctime": "Wed, 17 Apr 2019 08:45:39 UTC", "utime": "Wed, 17 Apr 2019 08:45:39 UTC", "key": "ORDER342", "txData": {"txId": "f218fccf6aab88f1e64477c4a32ba1437cdc86b5cb2be08e6498597e79d5b7ec", "fcn": "initLedger", "args": [], "channelName": "mychannel", "chaincodeName": "beer-supplychain", "username": "client1", "orgName": "Org1"}, "data": {"State": "1", "count": "0", "ctime": "Wed, 17 Apr 2019 08:45:39 UTC", "owner": "Genesis", "utime": "Wed, 17 Apr 2019 08:45:39 UTC"}}