{"txId": "f25828fcb7364466e018d7e2dd3ed17e4473d0421768ccf222196c14c35ae0ea", "ctime": "Wed, 17 Apr 2019 01:57:37 UTC", "utime": "Wed, 17 Apr 2019 01:59:07 UTC", "key": "ORDER224", "txData": {"txId": "f25828fcb7364466e018d7e2dd3ed17e4473d0421768ccf222196c14c35ae0ea", "fcn": "acceptTransfer", "args": [], "channelName": "mychannel", "chaincodeName": "beer-supplychain", "username": "client1", "orgName": "Org1"}, "data": {"State": "3", "count": "10", "ctime": "Wed, 17 Apr 2019 01:57:37 UTC", "owner": "Manufacturer", "utime": "Wed, 17 Apr 2019 01:59:07 UTC"}}