{"txId": "f2e39d62182352968741c4391c02449a9b219103f0b359f414247ad661386a4e", "ctime": "Wed, 17 Apr 2019 08:45:39 UTC", "utime": "Wed, 17 Apr 2019 08:48:16 UTC", "key": "ORDER343", "txData": {"txId": "f2e39d62182352968741c4391c02449a9b219103f0b359f414247ad661386a4e", "fcn": "acceptTransfer", "args": [], "channelName": "mychannel", "chaincodeName": "beer-supplychain", "username": "client1", "orgName": "Org1"}, "data": {"State": "3", "count": "10", "ctime": "Wed, 17 Apr 2019 08:45:39 UTC", "owner": "ShippingCompany", "utime": "Wed, 17 Apr 2019 08:48:16 UTC"}}