{"txId": "f3a879bc3b3e40d8ae4c6c14053c2d0d5d6d8ae766ca5ad404d666f0991efbdb", "ctime": "Wed, 17 Apr 2019 00:39:36 UTC", "utime": "Wed, 17 Apr 2019 00:39:40 UTC", "key": "ORDER216", "txData": {"txId": "f3a879bc3b3e40d8ae4c6c14053c2d0d5d6d8ae766ca5ad404d666f0991efbdb", "fcn": "startTransfer", "args": ["Manufacturer", "10"], "channelName": "mychannel", "chaincodeName": "beer-supplychain", "username": "client1", "orgName": "Org1"}, "data": {"State": "2", "count": "10", "ctime": "Wed, 17 Apr 2019 00:39:36 UTC", "owner": "Manufacturer", "utime": "Wed, 17 Apr 2019 00:39:40 UTC"}}