{"txId": "f45e2a4aa4186674d1eb9c1bae0af2902118ad0281d7052f3d358b72fcca0f00", "ctime": "Wed, 17 Apr 2019 07:17:37 UTC", "utime": "Wed, 17 Apr 2019 07:22:02 UTC", "key": "ORDER315", "txData": {"txId": "f45e2a4aa4186674d1eb9c1bae0af2902118ad0281d7052f3d358b72fcca0f00", "fcn": "acceptTransfer", "args": [], "channelName": "mychannel", "chaincodeName": "beer-supplychain", "username": "client1", "orgName": "Org1"}, "data": {"State": "3", "count": "3", "ctime": "Wed, 17 Apr 2019 07:17:37 UTC", "owner": "Retailer", "utime": "Wed, 17 Apr 2019 07:22:02 UTC"}}