{"txId": "f5b29734378d516275674c963890fc857a645c005f18282d464c5bc1ed78f6bb", "ctime": "Wed, 17 Apr 2019 03:14:20 UTC", "utime": "Wed, 17 Apr 2019 03:17:43 UTC", "key": "ORDER250", "txData": {"txId": "f5b29734378d516275674c963890fc857a645c005f18282d464c5bc1ed78f6bb", "fcn": "acceptTransfer", "args": [], "channelName": "mychannel", "chaincodeName": "beer-supplychain", "username": "client1", "orgName": "Org1"}, "data": {"State": "3", "count": "10", "ctime": "Wed, 17 Apr 2019 03:14:20 UTC", "owner": "ShippingCompany", "utime": "Wed, 17 Apr 2019 03:17:43 UTC"}}