{"txId": "f7abc2b2920e75d664b92565c5e9216741badb9e5e0f81964f4f1b92ee3a032c", "ctime": "Wed, 17 Apr 2019 04:32:00 UTC", "utime": "Wed, 17 Apr 2019 04:33:17 UTC", "key": "ORDER269", "txData": {"txId": "f7abc2b2920e75d664b92565c5e9216741badb9e5e0f81964f4f1b92ee3a032c", "fcn": "createOrder", "args": ["ORDER269", "4", "10", "Retailer"], "channelName": "mychannel", "chaincodeName": "beer-supplychain", "username": "client1", "orgName": "Org1"}, "data": {"State": "4", "count": "10", "ctime": "Wed, 17 Apr 2019 04:32:00 UTC", "owner": "Retailer", "utime": "Wed, 17 Apr 2019 04:33:17 UTC"}}