{"txId": "f807caef5591fdae9f7d558b8274d682d3f0c0c2c58c8d1d322bc0bd594928d0", "ctime": "Wed, 17 Apr 2019 03:06:54 UTC", "utime": "Wed, 17 Apr 2019 03:06:57 UTC", "key": "ORDER248", "txData": {"txId": "f807caef5591fdae9f7d558b8274d682d3f0c0c2c58c8d1d322bc0bd594928d0", "fcn": "startTransfer", "args": ["Manufacturer", "10"], "channelName": "mychannel", "chaincodeName": "beer-supplychain", "username": "client1", "orgName": "Org1"}, "data": {"State": "2", "count": "10", "ctime": "Wed, 17 Apr 2019 03:06:54 UTC", "owner": "Manufacturer", "utime": "Wed, 17 Apr 2019 03:06:57 UTC"}}