{"txId": "f8380f4e2b79799e2982980bf9596926ba0a8df358f8c2713339bfdd38b9569f", "ctime": "Wed, 17 Apr 2019 06:05:28 UTC", "utime": "Wed, 17 Apr 2019 06:06:35 UTC", "key": "ORDER303", "txData": {"txId": "f8380f4e2b79799e2982980bf9596926ba0a8df358f8c2713339bfdd38b9569f", "fcn": "requestTransfer", "args": ["ShippingCompany", "10"], "channelName": "mychannel", "chaincodeName": "beer-supplychain", "username": "client1", "orgName": "Org1"}, "data": {"State": "2", "count": "10", "ctime": "Wed, 17 Apr 2019 06:05:28 UTC", "owner": "ShippingCompany", "utime": "Wed, 17 Apr 2019 06:06:35 UTC"}}