{"txId": "f8f56e9936a1896892b78d8c2eb9145b75c0434efe93e287ddeeef39c44fb98d", "ctime": "Wed, 17 Apr 2019 03:04:50 UTC", "utime": "Wed, 17 Apr 2019 03:04:50 UTC", "key": "ORDER240", "txData": {"txId": "f8f56e9936a1896892b78d8c2eb9145b75c0434efe93e287ddeeef39c44fb98d", "fcn": "initLedger", "args": [], "channelName": "mychannel", "chaincodeName": "beer-supplychain", "username": "client1", "orgName": "Org1"}, "data": {"State": "1", "count": "0", "ctime": "Wed, 17 Apr 2019 03:04:50 UTC", "owner": "Genesis", "utime": "Wed, 17 Apr 2019 03:04:50 UTC"}}