{"txId": "f92eaa072b635ef16e1a95a86c46f91710cc4c6965fa1f346b95e52bb5f7e98d", "ctime": "Wed, 17 Apr 2019 05:12:45 UTC", "utime": "Wed, 17 Apr 2019 05:12:45 UTC", "key": "ORDER286", "txData": {"txId": "f92eaa072b635ef16e1a95a86c46f91710cc4c6965fa1f346b95e52bb5f7e98d", "fcn": "initLedger", "args": [], "channelName": "mychannel", "chaincodeName": "beer-supplychain", "username": "client1", "orgName": "Org1"}, "data": {"State": "1", "count": "0", "ctime": "Wed, 17 Apr 2019 05:12:45 UTC", "owner": "Genesis", "utime": "Wed, 17 Apr 2019 05:12:45 UTC"}}