{"txId": "f972286ebd1be595c48333becdc7faff35f22fb0ae71a84eb6e0e1e44c47a36c", "ctime": "Wed, 17 Apr 2019 07:17:37 UTC", "utime": "Wed, 17 Apr 2019 07:19:53 UTC", "key": "ORDER315", "txData": {"txId": "f972286ebd1be595c48333becdc7faff35f22fb0ae71a84eb6e0e1e44c47a36c", "fcn": "startTransfer", "args": ["Manufacturer", "10"], "channelName": "mychannel", "chaincodeName": "beer-supplychain", "username": "client1", "orgName": "Org1"}, "data": {"State": "2", "count": "10", "ctime": "Wed, 17 Apr 2019 07:17:37 UTC", "owner": "Manufacturer", "utime": "Wed, 17 Apr 2019 07:19:53 UTC"}}