{"txId": "f9c8b065b72bdad2ff15204e0885981e739dc9108406e1236d4e93b9ccc65011", "ctime": "Wed, 17 Apr 2019 01:53:51 UTC", "utime": "Wed, 17 Apr 2019 01:55:05 UTC", "key": "ORDER223", "txData": {"txId": "f9c8b065b72bdad2ff15204e0885981e739dc9108406e1236d4e93b9ccc65011", "fcn": "acceptTransfer", "args": [], "channelName": "mychannel", "chaincodeName": "beer-supplychain", "username": "client1", "orgName": "Org1"}, "data": {"State": "3", "count": "10", "ctime": "Wed, 17 Apr 2019 01:53:51 UTC", "owner": "Manufacturer", "utime": "Wed, 17 Apr 2019 01:55:05 UTC"}}