{"txId": "fa87a539b51ee63a7d687b41b22e857acb640e7edadff833f8f93cd82dd12b27", "ctime": "Wed, 17 Apr 2019 03:24:27 UTC", "utime": "Wed, 17 Apr 2019 03:24:31 UTC", "key": "ORDER252", "txData": {"txId": "fa87a539b51ee63a7d687b41b22e857acb640e7edadff833f8f93cd82dd12b27", "fcn": "startTransfer", "args": ["Manufacturer", "10"], "channelName": "mychannel", "chaincodeName": "beer-supplychain", "username": "client1", "orgName": "Org1"}, "data": {"State": "2", "count": "10", "ctime": "Wed, 17 Apr 2019 03:24:27 UTC", "owner": "Manufacturer", "utime": "Wed, 17 Apr 2019 03:24:31 UTC"}}