{"txId": "fb79504de4368cb3e927a6dd3e4ab1a13e324961d9018ef2c3c1053d566ee390", "ctime": "Wed, 17 Apr 2019 05:59:49 UTC", "utime": "Wed, 17 Apr 2019 06:03:40 UTC", "key": "ORDER302", "txData": {"txId": "fb79504de4368cb3e927a6dd3e4ab1a13e324961d9018ef2c3c1053d566ee390", "fcn": "acceptTransfer", "args": [], "channelName": "mychannel", "chaincodeName": "beer-supplychain", "username": "client1", "orgName": "Org1"}, "data": {"State": "3", "count": "10", "ctime": "Wed, 17 Apr 2019 05:59:49 UTC", "owner": "Manufacturer", "utime": "Wed, 17 Apr 2019 06:03:40 UTC"}}