{"txId": "fcd9a027fc274c9000368836ce327735e1670ac6d6cabdd59abb4fce9a2e08e1", "ctime": "Wed, 17 Apr 2019 08:15:00 UTC", "utime": "Wed, 17 Apr 2019 08:15:00 UTC", "key": "ORDER333", "txData": {"txId": "fcd9a027fc274c9000368836ce327735e1670ac6d6cabdd59abb4fce9a2e08e1", "fcn": "initLedger", "args": [], "channelName": "mychannel", "chaincodeName": "beer-supplychain", "username": "client1", "orgName": "Org1"}, "data": {"State": "1", "count": "0", "ctime": "Wed, 17 Apr 2019 08:15:00 UTC", "owner": "Genesis", "utime": "Wed, 17 Apr 2019 08:15:00 UTC"}}