{"txId": "fcf2708b46e6a929db81021a5b4b066f187806c4926860652e8556f4d0aef0c2", "ctime": "Wed, 17 Apr 2019 16:24:40 UTC", "utime": "Wed, 17 Apr 2019 16:24:40 UTC", "key": "ORDER353", "txData": {"txId": "fcf2708b46e6a929db81021a5b4b066f187806c4926860652e8556f4d0aef0c2", "fcn": "initLedger", "args": [], "channelName": "mychannel", "chaincodeName": "beer-supplychain", "username": "client1", "orgName": "org1"}, "data": {"State": "1", "count": "0", "ctime": "Wed, 17 Apr 2019 16:24:40 UTC", "owner": "Genesis", "utime": "Wed, 17 Apr 2019 16:24:40 UTC"}}