{"txId": "ff66089caa14527692b2f50b6fce1eccc30adb7277c3e3c355ca90219a475463", "ctime": "Wed, 17 Apr 2019 08:49:08 UTC", "utime": "Wed, 17 Apr 2019 08:49:22 UTC", "key": "ORDER344", "txData": {"txId": "ff66089caa14527692b2f50b6fce1eccc30adb7277c3e3c355ca90219a475463", "fcn": "requestTransfer", "args": ["Retailer", "3"], "channelName": "mychannel", "chaincodeName": "beer-supplychain", "username": "client1", "orgName": "Org1"}, "data": {"State": "2", "count": "3", "ctime": "Wed, 17 Apr 2019 08:49:08 UTC", "owner": "Retailer", "utime": "Wed, 17 Apr 2019 08:49:22 UTC"}}