{"txId": "ff686d531f95af9c076417b7e084368f3ee8e686c2930441f71da7bbb62220cd", "ctime": "Wed, 17 Apr 2019 02:25:08 UTC", "utime": "Wed, 17 Apr 2019 02:25:08 UTC", "key": "ORDER233", "txData": {"txId": "ff686d531f95af9c076417b7e084368f3ee8e686c2930441f71da7bbb62220cd", "fcn": "initLedger", "args": [], "channelName": "mychannel", "chaincodeName": "beer-supplychain", "username": "client1", "orgName": "Org1"}, "data": {"State": "1", "count": "0", "ctime": "Wed, 17 Apr 2019 02:25:08 UTC", "owner": "Genesis", "utime": "Wed, 17 Apr 2019 02:25:08 UTC"}}